activity_id,viewer_id,movie_id,watch_date,watch_duration_minutes,completed,device
1,325,7,2025-01-20,109,False,Smart TV
2,483,1,2025-02-09,66,False,Smart TV
3,96,1,2025-02-25,67,True,Tablet
4,182,1,2025-03-12,21,True,Smart TV
5,150,14,2025-02-22,109,True,Web
6,351,10,2025-02-18,31,True,Smart TV
7,75,5,2025-01-09,31,False,Smart TV
8,401,7,2025-01-10,102,False,Web
9,305,12,2025-03-20,60,False,Mobile
10,486,3,2025-02-20,52,True,Tablet
11,226,13,2025-02-12,65,True,Web
12,486,5,2025-03-30,35,False,Smart TV
13,496,3,2025-02-10,47,True,Tablet
14,167,10,2025-02-18,45,False,Smart TV
15,103,2,2025-03-17,56,True,Mobile
16,363,12,2025-01-27,122,False,Mobile
17,408,14,2025-02-22,137,True,Smart TV
18,79,4,2025-04-02,118,False,Mobile
19,246,8,2025-03-16,61,True,Tablet
20,496,1,2025-02-16,99,True,Mobile
21,337,2,2025-03-27,100,True,Mobile
22,347,10,2025-03-24,61,False,Tablet
23,133,1,2025-01-29,75,True,Web
24,238,8,2025-04-09,96,True,Web
25,248,6,2025-01-14,47,False,Mobile
26,374,2,2025-01-19,99,False,Smart TV
27,267,8,2025-03-03,54,False,Mobile
28,232,8,2025-02-10,18,False,Mobile
29,12,13,2025-04-19,53,True,Mobile
30,477,11,2025-04-05,41,True,Web
31,287,9,2025-02-24,69,True,Tablet
32,328,11,2025-03-26,65,False,Mobile
33,102,12,2025-02-27,119,False,Mobile
34,143,12,2025-04-07,26,True,Mobile
35,96,13,2025-02-16,51,True,Tablet
36,442,2,2025-03-04,90,True,Tablet
37,59,10,2025-02-14,55,False,Web
38,410,14,2025-02-08,31,True,Web
39,157,1,2025-01-15,33,False,Web
40,306,9,2025-01-18,83,False,Tablet
41,276,3,2025-03-30,32,True,Web
42,96,8,2025-02-10,117,False,Mobile
43,5,14,2025-03-04,44,True,Tablet
44,254,9,2025-02-22,72,False,Tablet
45,290,8,2025-01-04,111,True,Smart TV
46,276,1,2025-02-06,31,False,Tablet
47,294,9,2025-01-15,44,True,Smart TV
48,22,9,2025-04-08,66,True,Web
49,425,1,2025-03-25,106,True,Smart TV
50,231,14,2025-02-03,99,True,Tablet
51,398,14,2025-04-14,70,True,Smart TV
52,324,14,2025-02-24,52,True,Web
53,106,13,2025-04-14,17,True,Smart TV
54,276,9,2025-01-22,51,True,Smart TV
55,488,5,2025-04-20,75,True,Mobile
56,403,3,2025-02-22,17,False,Web
57,128,12,2025-01-19,92,True,Tablet
58,324,1,2025-02-04,90,False,Tablet
59,407,1,2025-04-23,108,True,Tablet
60,356,9,2025-04-30,57,False,Tablet
61,445,6,2025-04-10,21,True,Tablet
62,184,11,2025-04-19,18,True,Tablet
63,423,4,2025-01-28,136,False,Smart TV
64,281,14,2025-03-15,43,True,Tablet
65,350,13,2025-04-08,16,True,Mobile
66,236,11,2025-01-03,25,True,Tablet
67,491,1,2025-02-24,35,True,Web
68,82,15,2025-04-22,80,True,Smart TV
69,341,1,2025-04-26,93,True,Mobile
70,372,7,2025-03-31,69,False,Mobile
71,110,1,2025-03-03,19,True,Web
72,5,9,2025-01-02,53,True,Tablet
73,37,1,2025-01-30,59,True,Mobile
74,452,2,2025-02-08,45,False,Web
75,74,11,2025-01-09,77,True,Mobile
76,226,10,2025-02-14,102,True,Web
77,352,15,2025-02-26,65,True,Mobile
78,302,3,2025-04-04,59,False,Tablet
79,127,6,2025-02-05,92,True,Web
80,370,9,2025-03-19,46,True,Mobile
81,449,14,2025-02-08,62,True,Web
82,331,12,2025-01-07,71,False,Tablet
83,327,2,2025-03-18,28,True,Mobile
84,68,6,2025-02-19,82,False,Smart TV
85,391,9,2025-03-02,19,True,Mobile
86,21,1,2025-04-29,17,False,Smart TV
87,393,11,2025-02-23,64,True,Tablet
88,276,2,2025-03-20,49,False,Mobile
89,472,1,2025-01-27,113,True,Smart TV
90,391,7,2025-04-17,26,False,Tablet
91,123,12,2025-01-08,72,True,Tablet
92,312,2,2025-01-08,89,True,Web
93,71,1,2025-03-31,11,True,Tablet
94,401,6,2025-04-16,43,True,Smart TV
95,448,3,2025-02-04,25,True,Smart TV
96,269,13,2025-01-09,43,True,Mobile
97,185,8,2025-01-08,73,True,Web
98,396,6,2025-01-14,83,True,Mobile
99,2,4,2025-01-06,13,True,Mobile
100,472,8,2025-01-20,32,True,Tablet
101,214,4,2025-04-28,91,False,Mobile
102,258,10,2025-03-28,125,True,Web
103,24,4,2025-02-21,27,False,Smart TV
104,168,13,2025-01-12,80,False,Mobile
105,289,6,2025-04-11,48,True,Web
106,498,8,2025-03-05,108,True,Web
107,210,1,2025-01-04,39,True,Smart TV
108,450,11,2025-01-02,52,True,Tablet
109,158,14,2025-01-14,62,True,Web
110,31,7,2025-01-19,81,True,Mobile
111,433,15,2025-03-08,115,True,Smart TV
112,44,8,2025-03-16,22,True,Web
113,39,11,2025-03-17,82,True,Tablet
114,122,11,2025-02-07,43,False,Tablet
115,168,12,2025-02-10,125,False,Web
116,70,2,2025-04-10,37,True,Mobile
117,161,3,2025-02-22,25,True,Smart TV
118,158,13,2025-03-01,43,True,Mobile
119,156,3,2025-04-16,87,True,Web
120,76,14,2025-01-12,73,False,Tablet
121,154,1,2025-02-03,114,True,Mobile
122,285,7,2025-04-06,73,True,Tablet
123,72,2,2025-01-16,13,True,Web
124,206,3,2025-02-17,20,True,Smart TV
125,12,15,2025-01-09,60,True,Tablet
126,464,1,2025-04-19,116,False,Mobile
127,26,1,2025-01-22,83,False,Tablet
128,350,1,2025-02-24,32,False,Web
129,144,15,2025-02-27,48,True,Web
130,211,11,2025-04-23,80,False,Mobile
131,71,2,2025-02-23,61,True,Web
132,279,11,2025-04-12,12,False,Smart TV
133,249,8,2025-02-14,126,True,Smart TV
134,14,7,2025-02-10,66,True,Smart TV
135,242,1,2025-03-09,55,True,Web
136,337,1,2025-01-31,44,True,Mobile
137,113,13,2025-03-15,118,False,Smart TV
138,433,15,2025-01-23,55,True,Smart TV
139,184,13,2025-04-27,85,True,Smart TV
140,289,10,2025-01-25,117,False,Smart TV
141,47,3,2025-01-08,39,True,Web
142,1,1,2025-02-12,88,True,Web
143,471,6,2025-04-13,51,True,Mobile
144,470,3,2025-01-19,24,True,Smart TV
145,483,2,2025-03-26,111,True,Mobile
146,70,6,2025-01-21,65,True,Tablet
147,363,11,2025-03-13,98,True,Smart TV
148,418,4,2025-01-23,106,False,Smart TV
149,1,3,2025-03-31,83,False,Mobile
150,472,3,2025-04-14,88,True,Mobile
151,170,15,2025-04-06,29,True,Smart TV
152,454,6,2025-01-12,95,True,Smart TV
153,108,1,2025-02-01,98,True,Smart TV
154,369,5,2025-01-01,16,False,Tablet
155,86,12,2025-04-24,115,False,Tablet
156,52,6,2025-04-17,71,True,Web
157,410,3,2025-04-19,14,False,Mobile
158,54,6,2025-01-10,53,True,Tablet
159,281,3,2025-04-25,21,False,Tablet
160,483,1,2025-03-25,31,True,Tablet
161,170,1,2025-01-27,34,False,Smart TV
162,122,11,2025-01-13,16,False,Tablet
163,2,1,2025-02-24,21,False,Tablet
164,106,1,2025-01-22,91,False,Mobile
165,158,8,2025-04-11,60,False,Tablet
166,47,15,2025-03-24,109,True,Smart TV
167,96,15,2025-02-27,21,False,Tablet
168,429,8,2025-02-04,82,True,Web
169,50,13,2025-01-11,95,False,Tablet
170,284,13,2025-01-08,117,False,Tablet
171,480,9,2025-03-02,83,True,Tablet
172,463,1,2025-04-20,101,True,Web
173,230,2,2025-01-23,52,True,Web
174,41,1,2025-03-29,65,True,Web
175,164,14,2025-04-27,27,True,Tablet
176,167,9,2025-04-20,45,True,Tablet
177,403,15,2025-03-31,117,True,Tablet
178,302,1,2025-03-16,107,True,Mobile
179,403,10,2025-02-06,121,True,Smart TV
180,197,15,2025-03-25,134,True,Tablet
181,207,1,2025-01-19,89,True,Tablet
182,451,1,2025-02-12,98,True,Mobile
183,138,12,2025-04-25,105,True,Smart TV
184,160,14,2025-02-05,135,True,Mobile
185,154,14,2025-04-06,123,False,Smart TV
186,331,12,2025-01-12,58,False,Web
187,380,15,2025-03-04,105,True,Web
188,260,2,2025-02-21,44,True,Mobile
189,427,3,2025-01-26,17,True,Mobile
190,185,1,2025-04-01,35,False,Smart TV
191,204,14,2025-03-23,41,True,Mobile
192,305,4,2025-02-27,55,False,Smart TV
193,458,6,2025-02-03,21,False,Mobile
194,438,1,2025-03-15,109,True,Web
195,106,11,2025-02-04,93,False,Mobile
196,393,14,2025-03-29,12,False,Web
197,411,11,2025-01-02,38,False,Smart TV
198,330,12,2025-02-05,118,False,Smart TV
199,239,8,2025-02-08,96,True,Tablet
200,262,1,2025-03-26,57,True,Smart TV
201,247,5,2025-01-09,53,False,Smart TV
202,336,14,2025-04-02,86,True,Web
203,461,9,2025-01-08,86,False,Smart TV
204,14,1,2025-03-25,73,False,Smart TV
205,199,15,2025-04-05,19,True,Web
206,114,6,2025-03-29,78,True,Tablet
207,184,15,2025-03-06,86,True,Web
208,66,1,2025-04-05,43,True,Web
209,336,11,2025-01-12,38,False,Web
210,216,12,2025-04-11,94,False,Smart TV
211,436,10,2025-01-16,70,True,Mobile
212,257,8,2025-01-16,121,True,Tablet
213,28,9,2025-04-22,29,True,Web
214,292,6,2025-04-25,68,True,Smart TV
215,399,14,2025-01-11,134,False,Web
216,3,6,2025-02-27,45,True,Web
217,251,10,2025-04-11,107,True,Web
218,220,10,2025-02-21,64,False,Tablet
219,103,1,2025-04-04,57,True,Smart TV
220,98,13,2025-01-03,96,True,Web
221,177,4,2025-02-09,43,True,Tablet
222,86,9,2025-01-09,15,False,Smart TV
223,306,8,2025-03-09,53,False,Web
224,251,6,2025-02-15,34,True,Tablet
225,373,1,2025-01-17,37,True,Mobile
226,64,10,2025-02-16,101,True,Mobile
227,131,7,2025-04-09,22,True,Mobile
228,429,1,2025-01-03,16,True,Mobile
229,64,7,2025-03-12,74,False,Web
230,323,4,2025-01-02,87,False,Mobile
231,319,11,2025-03-19,99,True,Tablet
232,262,14,2025-04-03,40,False,Mobile
233,102,1,2025-03-19,35,False,Web
234,152,6,2025-01-21,15,True,Tablet
235,478,15,2025-03-03,94,True,Mobile
236,465,1,2025-01-15,116,True,Tablet
237,400,3,2025-03-07,19,True,Mobile
238,119,15,2025-02-28,85,False,Tablet
239,90,1,2025-04-22,15,False,Smart TV
240,219,13,2025-04-05,24,True,Mobile
241,340,1,2025-03-24,31,False,Smart TV
242,319,15,2025-02-04,33,False,Smart TV
243,205,1,2025-02-28,44,False,Tablet
244,454,13,2025-04-13,31,True,Web
245,483,12,2025-04-19,50,True,Tablet
246,411,15,2025-03-14,122,True,Tablet
247,15,13,2025-04-21,97,True,Web
248,58,8,2025-04-24,62,False,Mobile
249,161,2,2025-01-02,67,True,Smart TV
250,359,9,2025-03-21,22,False,Web
251,347,8,2025-03-24,59,True,Mobile
252,81,1,2025-03-06,70,False,Web
253,165,2,2025-01-31,94,False,Mobile
254,330,9,2025-02-18,61,True,Mobile
255,294,8,2025-02-27,21,False,Tablet
256,255,1,2025-04-06,93,True,Mobile
257,286,7,2025-03-12,10,True,Smart TV
258,106,15,2025-03-25,126,False,Smart TV
259,115,1,2025-04-19,68,False,Tablet
260,367,12,2025-02-27,39,True,Web
261,425,1,2025-03-23,112,False,Smart TV
262,460,1,2025-01-22,73,True,Tablet
263,101,2,2025-01-25,40,False,Web
264,98,8,2025-04-02,53,True,Tablet
265,429,1,2025-03-28,85,True,Tablet
266,490,8,2025-03-06,27,False,Mobile
267,284,9,2025-04-30,65,True,Tablet
268,472,15,2025-04-27,55,True,Web
269,54,12,2025-02-19,92,True,Tablet
270,469,7,2025-03-30,73,False,Tablet
271,232,6,2025-04-14,27,True,Tablet
272,384,10,2025-03-07,48,True,Smart TV
273,284,12,2025-03-22,65,True,Web
274,352,10,2025-02-14,127,True,Web
275,491,12,2025-01-23,138,True,Smart TV
276,181,1,2025-03-13,71,True,Tablet
277,431,11,2025-03-10,46,False,Mobile
278,196,1,2025-01-19,16,True,Mobile
279,403,4,2025-01-21,83,True,Smart TV
280,354,3,2025-04-11,47,True,Mobile
281,53,6,2025-03-20,96,True,Web
282,200,12,2025-01-31,140,True,Smart TV
283,475,12,2025-02-18,109,False,Smart TV
284,381,1,2025-02-02,35,True,Tablet
285,325,14,2025-04-01,104,True,Web
286,100,13,2025-02-07,67,True,Mobile
287,377,3,2025-03-07,25,False,Mobile
288,136,7,2025-01-17,51,True,Smart TV
289,364,1,2025-04-30,29,True,Web
290,27,15,2025-04-10,87,False,Smart TV
291,163,2,2025-03-09,66,True,Mobile
292,213,13,2025-03-11,78,False,Mobile
293,110,6,2025-03-26,52,False,Smart TV
294,386,5,2025-03-21,77,False,Mobile
295,229,2,2025-01-31,72,True,Smart TV
296,484,7,2025-01-15,108,False,Smart TV
297,421,1,2025-04-09,57,True,Tablet
298,460,1,2025-03-25,34,False,Mobile
299,490,2,2025-04-09,11,True,Mobile
300,397,4,2025-01-28,118,True,Web
301,450,9,2025-04-05,65,True,Mobile
302,13,12,2025-02-28,94,True,Mobile
303,407,1,2025-02-02,81,True,Web
304,199,15,2025-02-27,113,False,Smart TV
305,61,1,2025-03-10,10,True,Mobile
306,24,13,2025-03-31,118,True,Smart TV
307,149,15,2025-04-11,87,True,Mobile
308,225,5,2025-02-18,60,True,Mobile
309,113,8,2025-01-18,105,False,Smart TV
310,347,1,2025-04-24,111,True,Smart TV
311,285,1,2025-01-19,25,True,Mobile
312,276,10,2025-03-12,131,True,Smart TV
313,463,4,2025-04-03,98,True,Tablet
314,263,15,2025-01-19,51,True,Web
315,100,10,2025-01-15,33,True,Mobile
316,282,14,2025-03-01,28,False,Mobile
317,372,1,2025-03-16,72,False,Smart TV
318,121,3,2025-01-13,46,True,Mobile
319,249,15,2025-02-27,94,True,Smart TV
320,290,12,2025-03-14,103,False,Tablet
321,127,1,2025-04-11,38,True,Tablet
322,69,5,2025-03-28,103,False,Tablet
323,397,8,2025-02-09,72,True,Mobile
324,42,3,2025-04-18,45,True,Web
325,321,5,2025-01-10,103,True,Mobile
326,16,14,2025-04-15,113,True,Web
327,134,1,2025-03-11,79,False,Web
328,457,6,2025-04-09,85,True,Smart TV
329,262,3,2025-01-12,60,False,Mobile
330,494,11,2025-04-14,88,True,Web
331,229,13,2025-01-21,32,True,Web
332,481,12,2025-02-15,20,True,Tablet
333,190,1,2025-01-30,15,True,Web
334,185,9,2025-02-19,70,False,Mobile
335,166,1,2025-01-14,100,True,Smart TV
336,297,14,2025-03-11,54,False,Tablet
337,460,6,2025-04-17,19,True,Smart TV
338,115,7,2025-03-08,113,False,Smart TV
339,455,8,2025-03-19,10,True,Web
340,40,8,2025-03-07,92,False,Web
341,186,3,2025-03-19,25,True,Web
342,369,7,2025-01-15,133,True,Tablet
343,83,8,2025-03-24,116,False,Mobile
344,294,1,2025-03-17,30,True,Mobile
345,29,15,2025-01-22,76,True,Tablet
346,327,10,2025-01-03,122,True,Smart TV
347,311,2,2025-03-02,133,True,Web
348,74,14,2025-04-12,56,True,Smart TV
349,176,3,2025-04-29,68,True,Mobile
350,68,4,2025-01-14,14,True,Tablet
351,50,1,2025-01-23,70,True,Mobile
352,258,15,2025-04-07,40,True,Tablet
353,309,1,2025-03-11,115,True,Tablet
354,448,9,2025-01-06,77,False,Web
355,394,13,2025-02-18,54,True,Mobile
356,245,1,2025-04-09,39,True,Smart TV
357,210,10,2025-02-02,34,True,Mobile
358,267,10,2025-01-01,58,True,Web
359,210,12,2025-02-16,37,True,Tablet
360,134,11,2025-04-20,78,False,Smart TV
361,349,10,2025-02-20,106,True,Tablet
362,248,9,2025-01-23,57,True,Tablet
363,296,5,2025-02-14,109,True,Tablet
364,443,1,2025-03-26,25,True,Web
365,487,8,2025-01-21,22,True,Tablet
366,282,13,2025-03-20,99,True,Mobile
367,326,3,2025-01-01,21,True,Tablet
368,46,15,2025-01-09,77,True,Smart TV
369,371,2,2025-02-19,112,True,Smart TV
370,30,12,2025-04-10,54,True,Tablet
371,436,1,2025-03-26,112,True,Smart TV
372,307,1,2025-03-07,76,True,Web
373,19,10,2025-02-16,40,True,Mobile
374,142,1,2025-04-10,61,False,Tablet
375,266,7,2025-01-02,27,True,Smart TV
376,469,12,2025-03-16,99,False,Smart TV
377,100,4,2025-02-28,113,True,Mobile
378,260,5,2025-01-14,81,True,Smart TV
379,412,6,2025-03-07,42,True,Smart TV
380,194,12,2025-03-14,133,True,Smart TV
381,236,13,2025-04-25,85,True,Tablet
382,196,2,2025-03-23,66,True,Web
383,490,13,2025-02-15,76,True,Mobile
384,128,12,2025-02-06,33,False,Smart TV
385,92,2,2025-03-02,90,False,Web
386,94,15,2025-04-06,58,False,Web
387,447,4,2025-02-03,62,True,Web
388,317,14,2025-02-15,49,True,Mobile
389,490,1,2025-03-26,73,True,Mobile
390,491,13,2025-01-06,118,False,Smart TV
391,460,10,2025-04-23,124,True,Smart TV
392,392,8,2025-04-28,75,False,Tablet
393,66,4,2025-01-07,144,False,Tablet
394,178,1,2025-02-20,97,True,Tablet
395,236,2,2025-02-10,12,True,Web
396,167,7,2025-02-16,76,True,Smart TV
397,491,4,2025-03-20,97,False,Web
398,215,8,2025-03-31,106,False,Smart TV
399,231,14,2025-01-24,43,True,Web
400,139,1,2025-04-13,40,True,Tablet
401,75,14,2025-04-13,48,False,Mobile
402,69,3,2025-04-25,76,True,Smart TV
403,129,13,2025-03-13,119,True,Mobile
404,84,1,2025-01-08,37,False,Tablet
405,231,14,2025-04-06,95,False,Smart TV
406,478,6,2025-04-14,42,False,Mobile
407,445,1,2025-03-28,87,True,Web
408,167,13,2025-03-28,75,False,Tablet
409,315,1,2025-02-06,69,True,Web
410,414,14,2025-04-29,96,False,Tablet
411,41,14,2025-01-21,97,True,Smart TV
412,364,6,2025-02-04,87,True,Tablet
413,400,5,2025-04-21,56,True,Tablet
414,438,7,2025-01-03,42,True,Web
415,381,11,2025-03-31,105,True,Web
416,49,3,2025-01-09,70,True,Mobile
417,269,1,2025-04-08,20,True,Smart TV
418,336,10,2025-04-30,123,False,Smart TV
419,146,4,2025-02-26,42,True,Web
420,183,1,2025-04-21,51,False,Tablet
421,140,14,2025-03-12,123,True,Web
422,324,10,2025-04-06,91,True,Tablet
423,274,9,2025-02-09,54,False,Web
424,158,1,2025-02-16,62,False,Web
425,268,1,2025-04-15,107,True,Smart TV
426,5,5,2025-03-30,72,False,Smart TV
427,409,1,2025-02-07,86,True,Mobile
428,211,9,2025-04-23,81,False,Tablet
429,378,4,2025-03-24,109,False,Web
430,321,1,2025-01-31,76,True,Smart TV
431,273,5,2025-04-14,44,False,Web
432,70,1,2025-02-07,24,True,Tablet
433,359,10,2025-03-21,72,True,Smart TV
434,497,1,2025-03-10,12,True,Mobile
435,367,5,2025-02-26,103,True,Web
436,253,2,2025-01-28,97,False,Smart TV
437,191,13,2025-03-01,99,True,Smart TV
438,488,2,2025-01-19,24,False,Tablet
439,93,2,2025-01-25,74,False,Mobile
440,366,2,2025-02-01,108,False,Web
441,102,12,2025-02-28,34,True,Web
442,493,8,2025-02-09,129,False,Web
443,382,11,2025-04-30,80,True,Mobile
444,153,5,2025-01-26,56,True,Web
445,223,2,2025-02-11,13,True,Smart TV
446,405,1,2025-02-01,11,True,Tablet
447,191,12,2025-04-09,32,True,Web
448,317,1,2025-02-13,107,True,Mobile
449,79,1,2025-03-31,78,True,Web
450,286,8,2025-04-11,92,False,Tablet
451,353,12,2025-02-18,101,True,Web
452,249,5,2025-04-01,66,True,Smart TV
453,98,9,2025-03-14,33,True,Smart TV
454,141,6,2025-04-22,86,True,Web
455,231,2,2025-02-07,77,True,Smart TV
456,327,1,2025-03-06,58,True,Web
457,439,1,2025-02-16,109,True,Web
458,338,6,2025-03-10,59,True,Tablet
459,314,13,2025-02-06,51,False,Smart TV
460,338,1,2025-01-09,15,True,Web
461,55,1,2025-03-04,34,True,Mobile
462,199,10,2025-03-26,72,True,Smart TV
463,311,1,2025-04-02,19,True,Web
464,456,11,2025-04-17,20,False,Mobile
465,481,6,2025-04-24,63,False,Mobile
466,271,14,2025-01-06,28,False,Mobile
467,50,4,2025-01-13,69,True,Tablet
468,337,4,2025-02-01,155,True,Web
469,213,9,2025-04-06,23,True,Smart TV
470,341,11,2025-02-24,23,True,Web
471,173,9,2025-03-26,30,True,Tablet
472,162,15,2025-03-12,93,False,Tablet
473,423,13,2025-04-03,51,True,Web
474,193,10,2025-04-09,80,True,Smart TV
475,230,6,2025-02-20,10,True,Mobile
476,266,5,2025-01-18,48,True,Smart TV
477,162,4,2025-01-03,80,True,Web
478,183,1,2025-01-20,27,False,Smart TV
479,120,15,2025-02-02,86,True,Tablet
480,376,10,2025-01-10,102,False,Tablet
481,461,3,2025-03-30,83,True,Smart TV
482,296,1,2025-02-18,20,True,Smart TV
483,223,6,2025-02-23,25,True,Mobile
484,196,11,2025-01-07,49,True,Mobile
485,77,6,2025-02-11,74,True,Web
486,375,1,2025-02-20,67,True,Mobile
487,403,4,2025-02-20,47,True,Smart TV
488,382,2,2025-01-07,112,False,Mobile
489,397,7,2025-03-31,43,True,Tablet
490,203,9,2025-03-25,83,True,Web
491,398,1,2025-02-25,51,True,Mobile
492,217,2,2025-02-16,99,True,Smart TV
493,13,6,2025-04-09,49,True,Smart TV
494,412,10,2025-02-26,89,True,Tablet
495,120,1,2025-01-26,97,False,Web
496,44,13,2025-01-15,104,True,Web
497,445,10,2025-04-17,114,False,Mobile
498,57,6,2025-02-09,67,False,Mobile
499,276,6,2025-01-28,36,True,Smart TV
500,374,9,2025-01-19,95,True,Tablet
501,270,10,2025-01-06,42,True,Mobile
502,357,5,2025-03-21,44,True,Tablet
503,35,11,2025-02-19,94,False,Smart TV
504,150,1,2025-04-22,93,False,Web
505,364,7,2025-01-13,90,False,Mobile
506,495,3,2025-02-28,81,True,Mobile
507,272,1,2025-02-09,52,False,Tablet
508,178,12,2025-03-29,100,False,Smart TV
509,257,4,2025-02-05,25,True,Smart TV
510,418,15,2025-01-04,81,True,Web
511,337,6,2025-01-18,21,True,Tablet
512,314,9,2025-04-22,90,True,Web
513,79,7,2025-02-24,89,True,Smart TV
514,106,8,2025-03-25,27,True,Web
515,353,1,2025-04-01,77,True,Tablet
516,75,15,2025-03-25,50,False,Mobile
517,369,9,2025-01-16,33,False,Web
518,164,1,2025-04-23,62,False,Smart TV
519,421,8,2025-04-25,91,True,Smart TV
520,55,3,2025-01-17,33,True,Smart TV
521,119,10,2025-03-18,39,True,Mobile
522,400,1,2025-03-03,27,True,Tablet
523,95,12,2025-04-20,109,False,Tablet
524,116,3,2025-01-05,62,True,Smart TV
525,344,7,2025-01-26,62,True,Web
526,225,15,2025-04-21,135,True,Smart TV
527,127,14,2025-02-24,113,True,Tablet
528,314,12,2025-04-06,156,True,Mobile
529,234,1,2025-04-16,15,True,Tablet
530,199,1,2025-03-08,107,True,Mobile
531,204,4,2025-04-24,87,False,Tablet
532,314,3,2025-04-28,16,True,Web
533,232,8,2025-01-12,102,True,Mobile
534,481,3,2025-04-25,79,True,Tablet
535,13,7,2025-01-23,126,True,Web
536,129,15,2025-02-11,51,True,Mobile
537,231,1,2025-03-23,56,True,Tablet
538,262,12,2025-03-20,50,False,Tablet
539,468,1,2025-02-12,82,True,Web
540,92,3,2025-04-09,16,False,Smart TV
541,493,5,2025-02-27,46,True,Web
542,492,2,2025-01-26,10,True,Smart TV
543,438,1,2025-03-05,79,True,Tablet
544,338,4,2025-03-02,126,False,Tablet
545,4,2,2025-02-01,81,True,Web
546,29,1,2025-03-25,54,True,Web
547,296,1,2025-04-18,87,False,Smart TV
548,56,1,2025-02-23,32,True,Smart TV
549,359,10,2025-03-18,83,True,Web
550,185,8,2025-04-30,14,True,Smart TV
551,195,6,2025-04-15,18,False,Mobile
552,63,5,2025-03-30,120,False,Smart TV
553,108,9,2025-03-31,36,True,Mobile
554,323,2,2025-03-09,32,False,Smart TV
555,163,7,2025-02-03,100,True,Tablet
556,255,9,2025-03-05,33,True,Web
557,100,12,2025-01-01,40,True,Tablet
558,378,11,2025-04-19,36,True,Tablet
559,180,1,2025-03-13,113,True,Web
560,354,1,2025-02-06,42,True,Smart TV
561,166,5,2025-04-09,10,True,Smart TV
562,292,6,2025-03-20,13,True,Web
563,473,6,2025-03-28,71,False,Mobile
564,80,1,2025-03-22,68,True,Smart TV
565,212,8,2025-04-29,105,True,Smart TV
566,162,10,2025-03-13,78,True,Web
567,410,10,2025-04-28,123,False,Mobile
568,16,3,2025-02-13,58,True,Web
569,96,10,2025-03-18,24,False,Smart TV
570,212,1,2025-01-12,73,True,Smart TV
571,155,8,2025-01-28,77,False,Web
572,20,2,2025-04-10,61,True,Tablet
573,248,1,2025-04-26,74,True,Web
574,376,6,2025-04-22,77,False,Smart TV
575,51,3,2025-04-16,76,True,Web
576,236,4,2025-02-19,143,True,Mobile
577,352,5,2025-04-19,86,True,Smart TV
578,53,8,2025-03-08,108,True,Smart TV
579,160,1,2025-03-23,36,False,Web
580,273,4,2025-02-10,122,True,Mobile
581,141,1,2025-01-15,11,True,Mobile
582,282,4,2025-02-10,79,True,Smart TV
583,37,10,2025-02-09,88,False,Tablet
584,242,1,2025-04-26,96,True,Mobile
585,219,1,2025-02-20,32,True,Tablet
586,171,10,2025-04-15,35,True,Mobile
587,239,15,2025-03-14,43,True,Tablet
588,351,2,2025-03-24,129,False,Web
589,459,1,2025-03-20,43,False,Tablet
590,341,3,2025-02-12,51,False,Tablet
591,58,1,2025-02-14,71,False,Web
592,310,5,2025-03-15,26,True,Mobile
593,408,7,2025-01-14,93,True,Mobile
594,237,13,2025-02-21,85,False,Web
595,82,10,2025-03-03,59,True,Smart TV
596,303,4,2025-02-25,121,True,Smart TV
597,89,9,2025-03-26,95,True,Tablet
598,238,2,2025-02-11,34,False,Web
599,36,5,2025-03-18,23,True,Tablet
600,339,6,2025-01-08,21,True,Web
601,387,15,2025-03-23,10,True,Web
602,200,8,2025-03-20,83,False,Web
603,163,4,2025-02-08,155,True,Smart TV
604,223,15,2025-04-02,98,True,Mobile
605,207,10,2025-04-19,26,False,Mobile
606,496,6,2025-01-07,10,True,Smart TV
607,444,2,2025-01-04,70,False,Tablet
608,196,11,2025-02-21,58,False,Web
609,72,11,2025-01-25,81,False,Smart TV
610,148,14,2025-04-22,42,True,Mobile
611,74,2,2025-04-03,134,True,Tablet
612,329,1,2025-04-14,63,False,Tablet
613,261,10,2025-02-24,80,False,Tablet
614,218,6,2025-03-19,10,True,Tablet
615,365,14,2025-03-06,78,False,Smart TV
616,291,1,2025-03-03,100,False,Mobile
617,354,10,2025-01-11,28,True,Smart TV
618,268,8,2025-04-24,88,True,Web
619,340,8,2025-03-27,19,True,Smart TV
620,176,1,2025-03-10,109,True,Tablet
621,241,8,2025-03-15,103,False,Tablet
622,409,6,2025-02-07,47,True,Mobile
623,384,12,2025-02-08,154,False,Mobile
624,87,11,2025-03-15,16,True,Smart TV
625,14,13,2025-02-06,72,True,Web
626,402,1,2025-02-05,42,True,Smart TV
627,8,5,2025-04-05,24,True,Web
628,78,15,2025-03-26,124,False,Web
629,121,5,2025-03-04,33,True,Mobile
630,496,6,2025-01-19,86,True,Tablet
631,395,13,2025-02-19,40,True,Tablet
632,108,12,2025-03-15,98,True,Smart TV
633,27,13,2025-01-22,69,False,Tablet
634,486,5,2025-04-07,78,True,Tablet
635,243,11,2025-02-03,28,True,Tablet
636,409,1,2025-02-27,58,True,Smart TV
637,22,9,2025-01-13,78,True,Smart TV
638,471,14,2025-03-25,79,False,Smart TV
639,131,5,2025-03-25,84,False,Tablet
640,124,13,2025-04-04,96,True,Web
641,354,9,2025-01-24,50,True,Mobile
642,35,1,2025-01-02,62,True,Mobile
643,113,11,2025-04-03,46,False,Web
644,48,1,2025-01-08,86,True,Web
645,363,10,2025-01-16,21,True,Web
646,461,7,2025-03-24,57,True,Web
647,339,5,2025-04-30,19,True,Tablet
648,394,15,2025-02-24,92,False,Web
649,398,1,2025-01-08,58,False,Smart TV
650,417,1,2025-02-03,32,False,Mobile
651,103,8,2025-03-20,60,True,Tablet
652,394,1,2025-02-25,37,True,Mobile
653,133,15,2025-01-14,18,True,Mobile
654,398,10,2025-02-27,12,False,Web
655,478,11,2025-01-05,95,False,Smart TV
656,464,3,2025-02-20,83,True,Tablet
657,433,8,2025-04-04,109,True,Web
658,353,1,2025-04-15,109,False,Mobile
659,184,10,2025-02-12,97,False,Tablet
660,491,1,2025-03-24,21,False,Smart TV
661,390,2,2025-04-09,84,True,Web
662,496,3,2025-02-19,34,False,Tablet
663,353,1,2025-02-15,72,True,Tablet
664,19,12,2025-01-25,16,True,Web
665,406,8,2025-03-11,92,False,Tablet
666,416,9,2025-02-27,12,True,Smart TV
667,370,1,2025-01-06,61,True,Web
668,268,13,2025-02-28,96,True,Web
669,474,12,2025-01-10,19,True,Web
670,242,8,2025-04-27,127,True,Mobile
671,67,4,2025-01-02,54,True,Mobile
672,407,15,2025-01-13,126,True,Web
673,419,14,2025-04-15,37,True,Tablet
674,113,10,2025-01-09,112,True,Tablet
675,378,6,2025-03-28,61,False,Mobile
676,71,11,2025-02-11,37,True,Web
677,141,1,2025-01-19,106,False,Web
678,85,12,2025-02-26,72,True,Mobile
679,434,1,2025-03-22,88,False,Web
680,42,1,2025-01-01,10,True,Mobile
681,455,12,2025-02-06,116,True,Tablet
682,74,1,2025-03-23,44,True,Tablet
683,90,7,2025-03-20,19,True,Web
684,487,12,2025-01-12,87,False,Tablet
685,99,1,2025-01-16,77,True,Smart TV
686,277,14,2025-03-06,66,False,Web
687,58,1,2025-04-12,29,True,Tablet
688,344,8,2025-04-29,15,True,Smart TV
689,129,5,2025-02-12,88,False,Mobile
690,474,2,2025-03-10,55,True,Mobile
691,37,8,2025-04-25,40,True,Tablet
692,215,10,2025-01-26,105,True,Smart TV
693,167,4,2025-01-30,35,True,Tablet
694,457,14,2025-01-29,28,False,Tablet
695,75,1,2025-01-28,88,False,Web
696,235,7,2025-04-03,59,True,Smart TV
697,66,5,2025-01-05,98,True,Mobile
698,437,1,2025-03-01,68,False,Web
699,454,13,2025-02-07,87,True,Web
700,438,10,2025-01-30,21,False,Tablet
701,303,14,2025-03-02,128,False,Mobile
702,447,12,2025-02-01,73,False,Tablet
703,475,10,2025-03-17,131,True,Mobile
704,21,7,2025-03-02,139,True,Tablet
705,415,9,2025-04-13,22,False,Tablet
706,386,1,2025-01-02,98,True,Tablet
707,152,1,2025-01-31,92,True,Mobile
708,83,8,2025-04-01,68,True,Mobile
709,71,8,2025-04-22,100,False,Web
710,321,13,2025-03-01,100,True,Mobile
711,198,14,2025-04-25,95,True,Mobile
712,139,5,2025-03-31,88,True,Web
713,318,13,2025-04-23,52,True,Mobile
714,346,9,2025-02-16,16,True,Tablet
715,21,6,2025-02-16,56,True,Mobile
716,105,9,2025-01-18,52,True,Mobile
717,481,11,2025-04-07,84,True,Web
718,116,13,2025-02-11,55,False,Tablet
719,191,1,2025-02-14,67,False,Mobile
720,348,8,2025-04-16,78,False,Tablet
721,345,10,2025-03-30,113,True,Web
722,45,15,2025-01-11,110,True,Smart TV
723,142,1,2025-01-15,99,True,Tablet
724,267,3,2025-03-22,12,False,Tablet
725,68,11,2025-03-02,54,False,Tablet
726,150,12,2025-01-25,26,True,Web
727,331,14,2025-02-12,115,True,Smart TV
728,168,11,2025-03-04,85,True,Tablet
729,68,8,2025-04-25,111,False,Web
730,248,13,2025-02-17,46,True,Web
731,490,6,2025-01-22,89,True,Smart TV
732,430,3,2025-04-01,29,True,Web
733,163,1,2025-03-15,26,False,Smart TV
734,288,6,2025-04-01,14,True,Smart TV
735,230,1,2025-03-11,30,True,Smart TV
736,208,2,2025-04-30,137,True,Tablet
737,3,15,2025-04-05,139,False,Smart TV
738,497,8,2025-04-07,83,True,Web
739,465,13,2025-04-29,66,False,Mobile
740,21,12,2025-01-18,151,True,Smart TV
741,431,1,2025-01-29,67,False,Mobile
742,329,1,2025-01-25,84,True,Web
743,143,13,2025-01-26,12,True,Tablet
744,45,11,2025-03-07,60,True,Tablet
745,262,6,2025-01-08,95,False,Tablet
746,219,3,2025-02-17,59,False,Mobile
747,158,5,2025-02-27,81,True,Web
748,380,12,2025-02-23,123,False,Web
749,460,13,2025-02-24,103,False,Web
750,45,14,2025-01-19,63,False,Tablet
751,172,14,2025-01-09,106,True,Mobile
752,140,7,2025-02-23,54,True,Tablet
753,469,12,2025-01-18,61,True,Tablet
754,22,5,2025-04-16,115,False,Smart TV
755,238,8,2025-01-29,13,True,Web
756,328,5,2025-04-17,91,False,Mobile
757,148,11,2025-02-23,32,False,Web
758,142,1,2025-03-05,18,True,Smart TV
759,224,10,2025-04-22,43,True,Tablet
760,192,12,2025-03-07,14,False,Web
761,164,1,2025-03-01,98,True,Smart TV
762,185,1,2025-02-23,91,False,Mobile
763,328,5,2025-04-30,19,True,Web
764,392,13,2025-01-13,86,True,Smart TV
765,433,14,2025-03-29,87,False,Smart TV
766,181,2,2025-04-16,46,True,Web
767,399,9,2025-03-04,62,False,Web
768,258,2,2025-01-29,58,True,Mobile
769,40,7,2025-01-15,43,True,Tablet
770,186,6,2025-01-18,66,True,Smart TV
771,15,3,2025-04-06,25,True,Web
772,353,14,2025-01-30,88,True,Web
773,218,3,2025-03-30,24,True,Mobile
774,221,13,2025-01-06,35,True,Mobile
775,304,13,2025-01-08,70,True,Smart TV
776,342,1,2025-01-02,106,True,Mobile
777,301,15,2025-04-26,61,True,Smart TV
778,434,1,2025-04-06,45,True,Smart TV
779,257,6,2025-04-10,88,True,Mobile
780,391,2,2025-01-02,65,True,Web
781,387,5,2025-03-10,10,True,Mobile
782,259,15,2025-04-19,131,False,Web
783,55,8,2025-01-24,116,False,Tablet
784,117,7,2025-02-22,38,False,Mobile
785,70,1,2025-03-05,107,False,Smart TV
786,43,9,2025-02-11,73,True,Tablet
787,377,5,2025-02-09,97,False,Web
788,438,9,2025-02-24,34,True,Tablet
789,7,11,2025-03-28,72,True,Mobile
790,338,7,2025-03-28,31,True,Web
791,303,7,2025-01-14,53,True,Smart TV
792,305,4,2025-04-19,113,True,Web
793,256,14,2025-02-05,79,True,Tablet
794,309,6,2025-02-21,72,True,Smart TV
795,56,3,2025-01-16,42,False,Tablet
796,69,4,2025-01-04,35,True,Mobile
797,348,1,2025-01-04,32,False,Smart TV
798,320,3,2025-01-13,19,True,Tablet
799,151,13,2025-03-26,73,False,Smart TV
800,441,9,2025-03-11,79,True,Mobile
801,61,7,2025-02-19,125,False,Tablet
802,17,8,2025-01-23,81,True,Smart TV
803,252,15,2025-02-25,44,False,Tablet
804,292,8,2025-03-28,72,True,Tablet
805,81,8,2025-03-06,17,False,Smart TV
806,194,8,2025-03-20,96,False,Smart TV
807,303,1,2025-01-06,26,False,Smart TV
808,14,13,2025-04-08,90,False,Tablet
809,183,2,2025-02-22,99,True,Web
810,160,4,2025-03-17,31,True,Mobile
811,173,14,2025-01-22,15,True,Smart TV
812,443,1,2025-02-24,82,True,Tablet
813,241,1,2025-03-17,12,False,Tablet
814,294,10,2025-01-13,113,False,Mobile
815,173,12,2025-03-05,138,True,Smart TV
816,187,3,2025-02-25,35,False,Mobile
817,110,14,2025-02-06,77,True,Smart TV
818,116,10,2025-03-21,105,True,Mobile
819,35,10,2025-03-14,112,True,Tablet
820,408,7,2025-01-10,87,True,Smart TV
821,161,7,2025-01-26,116,False,Smart TV
822,344,10,2025-04-08,80,True,Mobile
823,442,11,2025-01-24,83,False,Web
824,381,11,2025-03-01,44,True,Tablet
825,321,15,2025-01-08,61,False,Tablet
826,383,3,2025-03-29,48,False,Tablet
827,467,6,2025-01-09,91,True,Tablet
828,331,5,2025-01-21,42,True,Web
829,77,7,2025-01-25,17,True,Smart TV
830,224,8,2025-02-24,92,True,Web
831,15,3,2025-02-03,45,True,Web
832,494,11,2025-04-03,72,True,Mobile
833,161,14,2025-03-19,86,True,Tablet
834,337,15,2025-04-24,33,False,Web
835,377,1,2025-03-06,25,True,Smart TV
836,122,8,2025-03-18,25,False,Smart TV
837,200,14,2025-04-14,70,False,Web
838,110,1,2025-02-05,66,False,Smart TV
839,252,14,2025-03-10,105,True,Mobile
840,244,6,2025-03-29,41,False,Web
841,189,6,2025-04-16,49,True,Mobile
842,410,14,2025-01-07,71,False,Tablet
843,359,5,2025-02-16,113,True,Mobile
844,440,9,2025-02-26,59,True,Tablet
845,131,15,2025-02-08,33,True,Smart TV
846,83,4,2025-04-28,122,True,Smart TV
847,330,15,2025-02-22,18,False,Mobile
848,252,14,2025-03-02,115,False,Tablet
849,52,15,2025-04-16,51,True,Smart TV
850,216,1,2025-03-19,103,True,Smart TV
851,391,8,2025-01-07,92,True,Web
852,329,11,2025-01-18,10,False,Web
853,295,11,2025-01-11,24,True,Web
854,394,9,2025-04-17,93,True,Tablet
855,232,13,2025-03-03,104,True,Smart TV
856,424,3,2025-02-11,46,True,Mobile
857,202,7,2025-04-23,106,True,Web
858,473,1,2025-03-13,92,True,Web
859,237,1,2025-01-26,43,True,Web
860,220,1,2025-03-18,43,True,Mobile
861,291,6,2025-01-16,11,True,Tablet
862,233,13,2025-04-16,96,False,Mobile
863,98,4,2025-04-21,78,False,Tablet
864,439,1,2025-01-27,86,True,Smart TV
865,215,12,2025-01-24,114,True,Mobile
866,121,5,2025-03-21,67,True,Smart TV
867,235,10,2025-01-11,11,False,Web
868,355,14,2025-02-20,64,True,Tablet
869,306,12,2025-02-02,28,True,Mobile
870,121,1,2025-03-02,55,True,Mobile
871,318,1,2025-02-18,48,False,Smart TV
872,287,3,2025-01-06,84,True,Smart TV
873,477,3,2025-02-13,69,True,Mobile
874,222,6,2025-01-19,43,True,Smart TV
875,256,1,2025-04-22,116,False,Smart TV
876,463,15,2025-04-23,77,True,Smart TV
877,458,9,2025-01-22,50,True,Tablet
878,285,13,2025-04-20,94,True,Tablet
879,28,1,2025-01-30,33,True,Tablet
880,240,5,2025-02-25,24,False,Mobile
881,364,8,2025-03-13,72,False,Tablet
882,444,2,2025-01-19,41,False,Mobile
883,93,4,2025-04-17,53,True,Smart TV
884,300,10,2025-01-28,84,True,Web
885,127,7,2025-04-09,137,True,Mobile
886,146,15,2025-03-29,41,False,Smart TV
887,55,10,2025-04-18,51,True,Mobile
888,363,2,2025-03-26,132,False,Smart TV
889,169,10,2025-01-06,93,True,Tablet
890,376,6,2025-04-27,82,True,Web
891,330,1,2025-02-06,51,True,Mobile
892,196,9,2025-01-12,61,False,Web
893,444,4,2025-02-21,32,True,Web
894,207,3,2025-02-06,29,True,Smart TV
895,377,8,2025-04-14,127,False,Web
896,427,6,2025-02-17,75,True,Tablet
897,244,8,2025-02-04,82,True,Tablet
898,416,2,2025-02-17,57,False,Tablet
899,175,1,2025-03-01,96,True,Web
900,323,15,2025-03-24,31,False,Tablet
901,411,1,2025-03-03,48,True,Web
902,431,11,2025-02-01,76,False,Smart TV
903,40,1,2025-04-28,15,True,Mobile
904,49,9,2025-03-01,94,True,Smart TV
905,42,6,2025-04-09,74,True,Mobile
906,92,12,2025-04-11,56,False,Mobile
907,361,2,2025-02-08,90,True,Tablet
908,320,13,2025-04-14,43,False,Web
909,383,4,2025-03-19,76,True,Mobile
910,3,7,2025-02-20,39,True,Web
911,355,11,2025-02-21,94,True,Tablet
912,499,5,2025-03-20,56,True,Tablet
913,65,13,2025-01-18,11,True,Mobile
914,497,1,2025-01-25,13,True,Tablet
915,124,1,2025-02-25,90,True,Web
916,238,2,2025-01-19,131,False,Mobile
917,79,2,2025-04-05,123,False,Tablet
918,300,1,2025-02-01,35,False,Tablet
919,53,1,2025-03-22,101,False,Tablet
920,297,14,2025-03-18,84,True,Tablet
921,303,7,2025-04-03,134,True,Mobile
922,296,1,2025-02-10,80,True,Smart TV
923,456,15,2025-03-02,39,False,Smart TV
924,11,8,2025-01-21,46,True,Web
925,119,8,2025-03-06,38,True,Smart TV
926,432,15,2025-04-02,129,True,Smart TV
927,492,12,2025-02-23,102,False,Web
928,354,10,2025-04-06,21,True,Tablet
929,81,3,2025-03-19,72,True,Tablet
930,108,8,2025-03-13,16,True,Smart TV
931,347,15,2025-01-21,54,True,Mobile
932,221,1,2025-01-15,89,True,Mobile
933,133,9,2025-02-13,55,True,Smart TV
934,354,15,2025-04-22,36,True,Mobile
935,410,15,2025-02-28,38,True,Mobile
936,260,14,2025-01-14,52,True,Mobile
937,186,14,2025-01-21,84,True,Tablet
938,376,13,2025-04-22,22,True,Smart TV
939,63,6,2025-04-19,35,False,Tablet
940,126,13,2025-04-17,113,False,Smart TV
941,44,5,2025-02-04,57,True,Tablet
942,126,6,2025-01-20,77,False,Web
943,212,3,2025-04-28,62,False,Smart TV
944,395,1,2025-01-02,101,True,Mobile
945,206,2,2025-04-09,52,False,Mobile
946,339,7,2025-04-29,48,True,Mobile
947,410,11,2025-03-26,76,False,Tablet
948,359,7,2025-03-12,87,True,Smart TV
949,424,15,2025-02-05,47,True,Tablet
950,455,8,2025-03-11,89,True,Tablet
951,416,12,2025-04-11,113,True,Smart TV
952,172,1,2025-02-19,102,True,Web
953,146,9,2025-01-28,21,True,Smart TV
954,326,9,2025-01-21,12,True,Smart TV
955,156,4,2025-04-03,118,True,Mobile
956,191,1,2025-02-03,90,True,Smart TV
957,334,1,2025-01-16,67,False,Mobile
958,121,8,2025-04-14,105,True,Web
959,342,6,2025-04-11,83,True,Web
960,378,12,2025-02-01,36,False,Web
961,233,14,2025-01-13,47,True,Tablet
962,48,14,2025-01-08,118,True,Tablet
963,190,4,2025-03-28,144,False,Tablet
964,256,14,2025-03-23,118,False,Tablet
965,422,12,2025-01-21,46,True,Web
966,67,8,2025-04-01,75,True,Mobile
967,243,12,2025-01-05,50,True,Smart TV
968,309,15,2025-04-20,114,True,Mobile
969,21,6,2025-03-08,29,True,Smart TV
970,156,5,2025-02-07,72,True,Web
971,216,3,2025-01-07,49,False,Web
972,251,3,2025-01-01,25,True,Smart TV
973,214,2,2025-03-03,89,True,Tablet
974,194,15,2025-03-02,43,True,Tablet
975,230,13,2025-01-20,103,False,Mobile
976,320,13,2025-02-22,59,True,Tablet
977,491,6,2025-03-27,66,True,Smart TV
978,85,1,2025-04-01,13,True,Smart TV
979,330,9,2025-03-13,20,True,Mobile
980,385,10,2025-03-02,74,True,Mobile
981,93,11,2025-01-03,45,True,Web
982,455,14,2025-03-16,123,True,Smart TV
983,252,7,2025-04-21,15,False,Tablet
984,441,3,2025-03-09,50,False,Smart TV
985,51,1,2025-03-11,31,False,Web
986,46,3,2025-01-20,49,False,Web
987,167,1,2025-01-24,13,True,Mobile
988,164,5,2025-01-19,62,False,Smart TV
989,461,7,2025-01-16,23,True,Web
990,122,13,2025-03-05,75,True,Tablet
991,163,2,2025-03-01,114,True,Tablet
992,120,1,2025-04-27,12,False,Mobile
993,334,4,2025-04-11,42,False,Tablet
994,326,1,2025-03-06,36,True,Smart TV
995,401,9,2025-02-01,78,False,Tablet
996,238,1,2025-04-17,89,False,Web
997,472,1,2025-03-03,44,True,Smart TV
998,180,14,2025-04-18,64,True,Smart TV
999,274,1,2025-03-14,18,False,Mobile
1000,426,7,2025-01-18,81,False,Web
1001,411,10,2025-02-10,123,True,Smart TV
1002,386,11,2025-04-01,67,False,Web
1003,175,11,2025-01-27,68,True,Smart TV
1004,69,1,2025-03-24,10,True,Tablet
1005,345,1,2025-01-23,62,True,Tablet
1006,42,13,2025-04-11,93,True,Mobile
1007,427,1,2025-04-15,95,False,Mobile
1008,193,6,2025-04-16,86,False,Tablet
1009,416,3,2025-03-31,11,True,Tablet
1010,228,6,2025-01-02,38,True,Mobile
1011,472,13,2025-04-01,55,True,Mobile
1012,156,14,2025-04-14,66,True,Tablet
1013,253,1,2025-04-26,100,True,Web
1014,421,1,2025-03-23,60,True,Smart TV
1015,88,10,2025-03-12,34,True,Web
1016,382,2,2025-01-09,42,False,Web
1017,401,15,2025-02-05,59,True,Mobile
1018,315,12,2025-02-02,153,False,Mobile
1019,483,7,2025-03-25,23,False,Tablet
1020,141,14,2025-01-16,142,False,Tablet
1021,23,6,2025-04-24,38,True,Smart TV
1022,230,15,2025-02-10,11,False,Web
1023,293,1,2025-04-14,13,True,Web
1024,39,12,2025-04-28,73,True,Web
1025,321,6,2025-03-22,22,True,Tablet
1026,304,7,2025-04-13,95,False,Web
1027,491,2,2025-02-13,23,False,Web
1028,318,2,2025-02-26,34,True,Tablet
1029,499,1,2025-01-08,14,False,Smart TV
1030,34,15,2025-04-11,42,True,Tablet
1031,321,1,2025-02-25,18,True,Mobile
1032,436,1,2025-02-18,61,True,Tablet
1033,404,4,2025-03-26,12,False,Tablet
1034,451,8,2025-03-21,89,True,Smart TV
1035,401,11,2025-01-04,68,True,Smart TV
1036,53,10,2025-01-02,86,True,Mobile
1037,100,10,2025-04-26,83,True,Smart TV
1038,372,6,2025-03-21,66,True,Web
1039,31,3,2025-01-17,49,True,Tablet
1040,387,9,2025-02-15,49,True,Web
1041,309,3,2025-02-13,47,False,Mobile
1042,348,9,2025-01-19,17,True,Mobile
1043,500,7,2025-01-26,61,True,Smart TV
1044,356,4,2025-03-30,129,True,Smart TV
1045,494,14,2025-02-12,86,False,Smart TV
1046,449,1,2025-04-12,15,False,Web
1047,115,1,2025-03-30,39,False,Web
1048,394,4,2025-04-15,94,True,Tablet
1049,423,4,2025-01-01,102,True,Mobile
1050,59,1,2025-01-19,47,False,Web
1051,392,11,2025-02-16,15,True,Web
1052,113,4,2025-04-24,77,True,Web
1053,126,6,2025-01-23,35,True,Web
1054,52,14,2025-01-03,45,False,Mobile
1055,157,6,2025-02-28,40,False,Smart TV
1056,270,11,2025-04-13,89,False,Mobile
1057,474,1,2025-01-17,111,True,Web
1058,192,9,2025-02-10,86,False,Web
1059,316,1,2025-03-17,34,True,Smart TV
1060,127,1,2025-01-07,90,False,Web
1061,300,14,2025-04-24,135,True,Mobile
1062,340,13,2025-03-20,18,True,Tablet
1063,385,13,2025-03-07,57,False,Tablet
1064,192,3,2025-03-09,71,True,Tablet
1065,206,8,2025-03-23,127,True,Mobile
1066,104,4,2025-02-27,70,False,Web
1067,194,5,2025-03-15,30,False,Smart TV
1068,385,1,2025-01-11,47,False,Smart TV
1069,239,4,2025-03-07,96,False,Tablet
1070,189,8,2025-04-13,73,False,Smart TV
1071,227,1,2025-01-30,43,True,Mobile
1072,151,6,2025-04-18,74,True,Mobile
1073,117,13,2025-01-13,25,True,Smart TV
1074,171,1,2025-01-26,96,False,Smart TV
1075,394,5,2025-03-29,118,False,Web
1076,71,12,2025-04-20,149,False,Mobile
1077,422,13,2025-02-14,110,False,Tablet
1078,336,14,2025-01-02,130,True,Web
1079,117,14,2025-04-03,63,False,Web
1080,283,9,2025-04-07,69,True,Tablet
1081,161,6,2025-04-19,34,False,Tablet
1082,437,4,2025-03-13,17,False,Web
1083,157,10,2025-04-05,11,False,Smart TV
1084,218,6,2025-03-29,61,True,Smart TV
1085,291,6,2025-04-11,14,True,Web
1086,410,6,2025-03-19,87,True,Tablet
1087,201,7,2025-01-09,108,True,Tablet
1088,493,2,2025-02-27,87,True,Web
1089,91,2,2025-01-05,135,True,Web
1090,494,1,2025-02-19,46,True,Web
1091,36,5,2025-02-28,17,False,Mobile
1092,466,3,2025-02-22,60,True,Mobile
1093,245,3,2025-04-06,18,False,Web
1094,159,3,2025-02-25,70,True,Smart TV
1095,367,10,2025-03-29,68,False,Web
1096,229,1,2025-01-09,115,False,Web
1097,292,9,2025-04-23,72,False,Tablet
1098,47,1,2025-02-06,92,False,Smart TV
1099,406,12,2025-02-08,110,True,Web
1100,461,7,2025-03-21,120,False,Tablet
1101,358,15,2025-03-14,34,False,Mobile
1102,81,4,2025-02-05,147,False,Mobile
1103,462,12,2025-01-28,136,False,Mobile
1104,54,1,2025-03-06,108,False,Tablet
1105,107,8,2025-03-06,15,False,Mobile
1106,346,2,2025-04-06,128,False,Smart TV
1107,100,12,2025-02-20,19,True,Smart TV
1108,70,2,2025-02-11,128,False,Tablet
1109,337,1,2025-02-01,101,False,Web
1110,431,8,2025-01-21,31,True,Mobile
1111,274,3,2025-04-05,60,True,Mobile
1112,347,11,2025-02-04,29,False,Smart TV
1113,18,3,2025-04-25,78,True,Tablet
1114,326,1,2025-04-14,76,True,Mobile
1115,228,7,2025-01-07,11,True,Tablet
1116,128,13,2025-02-17,40,True,Mobile
1117,8,1,2025-02-13,115,True,Mobile
1118,50,4,2025-04-13,52,True,Web
1119,56,1,2025-04-15,51,False,Web
1120,278,10,2025-02-20,130,False,Mobile
1121,183,4,2025-02-11,54,True,Tablet
1122,200,11,2025-01-28,68,True,Mobile
1123,333,11,2025-03-21,57,True,Mobile
1124,155,15,2025-04-09,137,True,Web
1125,308,5,2025-02-11,90,True,Tablet
1126,395,11,2025-03-30,27,False,Web
1127,353,11,2025-02-10,95,False,Mobile
1128,467,1,2025-03-16,67,False,Web
1129,7,9,2025-01-30,12,True,Mobile
1130,220,5,2025-04-07,41,True,Mobile
1131,256,1,2025-02-07,35,True,Tablet
1132,122,4,2025-04-29,123,True,Smart TV
1133,330,3,2025-04-11,15,True,Tablet
1134,385,11,2025-01-04,39,True,Smart TV
1135,277,6,2025-01-07,95,True,Web
1136,267,10,2025-02-11,33,False,Mobile
1137,36,2,2025-01-25,23,True,Web
1138,89,1,2025-03-17,80,True,Web
1139,372,1,2025-03-01,49,True,Web
1140,311,4,2025-02-01,87,False,Tablet
1141,442,11,2025-04-11,71,True,Smart TV
1142,242,7,2025-02-26,118,True,Tablet
1143,489,13,2025-04-12,71,True,Tablet
1144,389,7,2025-04-27,86,True,Web
1145,132,9,2025-02-18,69,False,Tablet
1146,311,5,2025-03-03,19,False,Web
1147,80,12,2025-04-28,58,True,Mobile
1148,372,14,2025-02-17,135,False,Tablet
1149,192,7,2025-02-19,135,False,Mobile
1150,472,7,2025-01-16,108,True,Web
1151,491,4,2025-02-02,99,True,Tablet
1152,357,11,2025-01-08,93,False,Tablet
1153,245,12,2025-01-05,102,True,Mobile
1154,76,12,2025-02-03,126,True,Web
1155,297,5,2025-03-26,117,True,Mobile
1156,330,2,2025-04-02,108,False,Mobile
1157,449,9,2025-02-24,31,False,Smart TV
1158,496,12,2025-03-10,107,True,Smart TV
1159,449,12,2025-04-29,32,True,Smart TV
1160,384,1,2025-01-27,105,False,Smart TV
1161,418,1,2025-03-04,10,True,Mobile
1162,269,13,2025-02-23,93,False,Tablet
1163,96,3,2025-04-01,27,True,Tablet
1164,57,3,2025-02-27,82,True,Web
1165,94,1,2025-04-14,107,True,Smart TV
1166,226,15,2025-03-22,37,True,Web
1167,194,2,2025-01-16,80,True,Smart TV
1168,245,1,2025-03-04,96,True,Mobile
1169,490,1,2025-01-01,95,True,Mobile
1170,406,2,2025-01-01,106,True,Smart TV
1171,388,15,2025-02-13,119,False,Smart TV
1172,162,11,2025-04-15,40,False,Tablet
1173,500,7,2025-02-15,94,True,Mobile
1174,206,8,2025-04-03,116,True,Mobile
1175,272,1,2025-02-05,99,True,Smart TV
1176,338,8,2025-04-22,70,True,Tablet
1177,327,11,2025-04-15,51,True,Smart TV
1178,414,1,2025-04-05,51,True,Tablet
1179,205,4,2025-04-05,30,False,Tablet
1180,244,15,2025-03-26,35,True,Tablet
1181,365,5,2025-01-19,76,True,Mobile
1182,45,3,2025-02-08,80,False,Web
1183,60,15,2025-03-03,71,True,Web
1184,338,3,2025-03-31,21,True,Tablet
1185,476,1,2025-04-29,51,False,Smart TV
1186,341,4,2025-03-02,41,True,Web
1187,372,15,2025-03-04,33,True,Smart TV
1188,295,14,2025-04-09,26,True,Smart TV
1189,381,7,2025-04-05,107,True,Tablet
1190,133,13,2025-01-15,47,True,Mobile
1191,304,2,2025-04-30,58,True,Mobile
1192,437,10,2025-02-10,58,True,Mobile
1193,275,1,2025-01-25,59,False,Smart TV
1194,348,13,2025-04-30,111,True,Web
1195,276,2,2025-04-20,127,False,Web
1196,429,14,2025-01-29,137,True,Tablet
1197,75,3,2025-04-06,14,True,Smart TV
1198,353,5,2025-01-16,45,True,Tablet
1199,254,11,2025-02-07,100,False,Mobile
1200,424,13,2025-04-02,36,True,Web
1201,473,12,2025-04-21,55,False,Tablet
1202,338,5,2025-04-27,118,True,Mobile
1203,217,9,2025-03-28,70,False,Tablet
1204,373,1,2025-02-06,46,True,Web
1205,202,12,2025-01-13,43,False,Mobile
1206,156,14,2025-02-28,51,True,Web
1207,150,8,2025-04-25,28,True,Web
1208,377,13,2025-03-25,11,False,Mobile
1209,440,11,2025-01-19,58,False,Web
1210,183,1,2025-03-02,32,True,Mobile
1211,304,9,2025-02-25,29,True,Tablet
1212,124,1,2025-02-20,72,False,Web
1213,398,11,2025-03-30,95,True,Mobile
1214,419,13,2025-03-25,58,False,Tablet
1215,60,1,2025-01-11,25,False,Web
1216,294,1,2025-03-03,45,True,Mobile
1217,197,13,2025-03-03,92,True,Tablet
1218,51,5,2025-02-11,18,True,Web
1219,11,7,2025-02-20,135,True,Mobile
1220,495,13,2025-03-26,25,True,Web
1221,410,1,2025-02-10,25,True,Web
1222,83,10,2025-01-12,81,False,Mobile
1223,260,2,2025-02-08,103,True,Web
1224,337,7,2025-01-01,73,False,Mobile
1225,151,9,2025-03-26,78,False,Web
1226,161,10,2025-03-08,126,False,Web
1227,420,1,2025-01-06,40,True,Web
1228,427,3,2025-01-28,27,True,Web
1229,66,10,2025-04-04,89,False,Mobile
1230,196,9,2025-03-25,30,False,Tablet
1231,347,2,2025-02-24,46,True,Web
1232,138,2,2025-03-23,59,True,Smart TV
1233,421,10,2025-03-07,87,True,Tablet
1234,404,14,2025-02-25,107,True,Web
1235,273,2,2025-01-15,114,True,Smart TV
1236,466,1,2025-02-12,109,False,Web
1237,141,14,2025-01-02,35,False,Web
1238,401,7,2025-04-29,41,True,Smart TV
1239,251,10,2025-01-13,77,False,Smart TV
1240,51,9,2025-04-25,16,True,Smart TV
1241,177,13,2025-04-14,104,True,Tablet
1242,133,8,2025-01-02,97,True,Web
1243,194,1,2025-03-14,104,False,Mobile
1244,499,15,2025-02-17,73,True,Tablet
1245,225,12,2025-02-15,129,True,Smart TV
1246,267,5,2025-04-02,114,True,Smart TV
1247,486,11,2025-02-09,62,False,Mobile
1248,374,1,2025-01-31,21,True,Mobile
1249,284,2,2025-04-29,136,True,Tablet
1250,375,11,2025-01-18,71,False,Mobile
1251,98,1,2025-04-27,116,True,Mobile
1252,274,12,2025-04-06,98,True,Mobile
1253,87,10,2025-03-28,129,True,Web
1254,430,1,2025-01-18,75,False,Mobile
1255,88,7,2025-02-17,38,False,Web
1256,393,14,2025-04-20,40,False,Smart TV
1257,110,8,2025-01-01,104,True,Tablet
1258,476,4,2025-04-30,141,True,Tablet
1259,250,15,2025-01-08,101,True,Tablet
1260,55,6,2025-01-01,54,True,Web
1261,52,7,2025-02-25,135,True,Mobile
1262,79,9,2025-02-22,25,False,Mobile
1263,129,3,2025-01-29,70,False,Smart TV
1264,457,5,2025-01-24,78,False,Mobile
1265,225,8,2025-01-21,27,False,Tablet
1266,446,1,2025-04-01,35,True,Web
1267,203,1,2025-02-23,105,False,Mobile
1268,486,3,2025-03-03,44,True,Tablet
1269,410,8,2025-03-29,101,True,Smart TV
1270,452,13,2025-02-21,74,True,Tablet
1271,56,1,2025-04-12,12,True,Web
1272,393,6,2025-03-29,40,True,Smart TV
1273,378,7,2025-01-02,121,False,Smart TV
1274,390,5,2025-02-24,41,True,Web
1275,128,12,2025-02-05,39,False,Web
1276,102,11,2025-03-02,100,True,Web
1277,303,4,2025-03-22,48,True,Mobile
1278,141,3,2025-01-25,28,False,Mobile
1279,443,10,2025-01-07,58,False,Smart TV
1280,119,12,2025-01-29,96,False,Tablet
1281,330,1,2025-01-07,48,True,Smart TV
1282,180,6,2025-04-02,63,True,Smart TV
1283,21,1,2025-01-01,16,True,Smart TV
1284,144,4,2025-04-27,35,False,Web
1285,187,5,2025-02-12,48,True,Mobile
1286,283,1,2025-04-09,26,False,Smart TV
1287,381,12,2025-04-10,145,True,Smart TV
1288,108,4,2025-03-16,108,True,Mobile
1289,309,3,2025-01-16,15,True,Web
1290,474,4,2025-01-13,29,True,Smart TV
1291,390,5,2025-01-26,78,True,Web
1292,215,1,2025-03-12,101,False,Smart TV
1293,323,15,2025-04-02,40,False,Mobile
1294,477,8,2025-03-06,111,True,Web
1295,496,10,2025-01-17,47,True,Mobile
1296,98,13,2025-04-05,114,False,Tablet
1297,263,11,2025-01-10,31,False,Tablet
1298,206,9,2025-03-19,44,True,Web
1299,112,1,2025-03-17,99,True,Tablet
1300,269,9,2025-02-03,48,True,Smart TV
1301,61,12,2025-01-22,67,True,Web
1302,76,1,2025-04-24,45,True,Smart TV
1303,329,14,2025-02-01,63,True,Mobile
1304,324,1,2025-03-19,57,False,Mobile
1305,136,12,2025-04-03,44,False,Smart TV
1306,321,6,2025-04-15,11,False,Web
1307,91,12,2025-02-02,14,True,Mobile
1308,196,12,2025-03-25,75,True,Web
1309,167,14,2025-02-04,62,True,Tablet
1310,374,3,2025-04-03,65,False,Web
1311,254,15,2025-01-24,127,True,Web
1312,483,4,2025-04-04,56,True,Smart TV
1313,454,1,2025-01-23,114,False,Web
1314,219,1,2025-02-01,68,True,Tablet
1315,71,2,2025-04-04,13,True,Mobile
1316,57,7,2025-04-16,13,True,Mobile
1317,43,3,2025-02-04,28,True,Mobile
1318,491,13,2025-04-12,23,True,Smart TV
1319,104,14,2025-01-18,132,True,Tablet
1320,170,14,2025-03-03,49,True,Mobile
1321,322,9,2025-03-11,25,True,Mobile
1322,53,2,2025-03-07,116,True,Mobile
1323,117,15,2025-02-24,108,True,Smart TV
1324,472,11,2025-04-23,97,False,Mobile
1325,57,8,2025-01-29,23,False,Smart TV
1326,61,2,2025-02-16,31,True,Web
1327,172,3,2025-03-18,33,True,Tablet
1328,352,3,2025-02-08,46,False,Mobile
1329,339,5,2025-02-17,43,True,Mobile
1330,478,1,2025-01-20,109,True,Web
1331,229,1,2025-04-03,111,False,Mobile
1332,492,2,2025-04-04,81,True,Mobile
1333,94,6,2025-04-09,59,False,Smart TV
1334,356,8,2025-02-22,87,True,Smart TV
1335,335,3,2025-04-28,41,False,Tablet
1336,274,9,2025-03-05,78,True,Web
1337,367,1,2025-02-23,77,True,Web
1338,186,1,2025-01-01,36,True,Smart TV
1339,69,9,2025-04-28,24,True,Smart TV
1340,444,6,2025-04-10,27,False,Tablet
1341,283,3,2025-04-30,63,True,Web
1342,383,14,2025-01-18,40,True,Web
1343,357,7,2025-02-24,105,True,Mobile
1344,245,11,2025-04-18,86,True,Mobile
1345,41,3,2025-02-01,19,True,Tablet
1346,241,3,2025-04-06,27,True,Smart TV
1347,173,8,2025-02-26,110,True,Mobile
1348,31,1,2025-04-23,92,True,Web
1349,203,9,2025-04-17,64,True,Tablet
1350,133,9,2025-04-28,83,True,Smart TV
1351,477,12,2025-01-21,79,True,Tablet
1352,206,3,2025-03-21,17,True,Tablet
1353,500,3,2025-03-13,87,True,Tablet
1354,329,8,2025-02-21,115,False,Web
1355,332,1,2025-02-24,34,False,Mobile
1356,309,1,2025-04-10,52,True,Web
1357,55,5,2025-01-09,37,True,Mobile
1358,97,13,2025-03-12,35,True,Mobile
1359,292,4,2025-03-14,21,True,Tablet
1360,48,1,2025-02-09,11,False,Smart TV
1361,162,7,2025-04-07,110,True,Smart TV
1362,50,3,2025-02-12,62,True,Mobile
1363,77,9,2025-01-04,85,False,Tablet
1364,20,10,2025-02-07,30,True,Tablet
1365,48,2,2025-04-02,69,True,Web
1366,494,13,2025-03-06,76,True,Smart TV
1367,174,8,2025-02-07,56,True,Tablet
1368,397,1,2025-03-29,59,True,Web
1369,491,10,2025-01-20,82,True,Tablet
1370,74,2,2025-04-09,89,True,Mobile
1371,161,1,2025-01-22,47,True,Mobile
1372,181,5,2025-01-12,19,True,Tablet
1373,132,5,2025-04-08,66,True,Web
1374,250,2,2025-01-06,103,False,Tablet
1375,470,7,2025-03-29,43,False,Smart TV
1376,488,9,2025-02-10,57,True,Tablet
1377,450,9,2025-04-23,15,True,Mobile
1378,359,12,2025-04-16,153,True,Web
1379,193,1,2025-01-21,82,False,Mobile
1380,237,4,2025-03-27,33,False,Tablet
1381,461,8,2025-04-15,69,True,Mobile
1382,470,3,2025-04-29,60,False,Web
1383,163,7,2025-02-13,134,True,Tablet
1384,20,2,2025-03-11,49,False,Web
1385,291,11,2025-01-05,86,False,Mobile
1386,405,15,2025-02-25,131,True,Mobile
1387,488,4,2025-04-08,118,False,Smart TV
1388,73,11,2025-01-09,45,False,Mobile
1389,232,5,2025-04-22,63,True,Web
1390,95,11,2025-04-17,16,True,Tablet
1391,153,6,2025-01-22,35,False,Tablet
1392,353,8,2025-04-11,30,True,Tablet
1393,293,6,2025-02-19,11,True,Web
1394,297,2,2025-03-20,47,False,Smart TV
1395,235,1,2025-04-30,28,False,Smart TV
1396,346,2,2025-02-22,77,True,Mobile
1397,439,8,2025-01-17,91,False,Mobile
1398,97,1,2025-02-23,99,True,Web
1399,179,10,2025-01-27,131,True,Mobile
1400,9,6,2025-02-08,49,True,Mobile
1401,234,12,2025-02-22,115,False,Smart TV
1402,268,14,2025-04-08,95,True,Web
1403,91,8,2025-03-12,86,True,Tablet
1404,338,7,2025-03-30,121,True,Smart TV
1405,474,12,2025-04-26,35,True,Mobile
1406,316,2,2025-04-30,115,True,Tablet
1407,475,12,2025-03-11,35,True,Tablet
1408,17,9,2025-03-27,47,False,Web
1409,283,4,2025-02-18,39,True,Tablet
1410,407,2,2025-04-27,128,False,Tablet
1411,401,1,2025-01-29,74,False,Smart TV
1412,158,15,2025-04-18,116,True,Web
1413,213,1,2025-01-05,11,True,Web
1414,419,13,2025-03-08,114,True,Smart TV
1415,293,6,2025-02-25,40,True,Tablet
1416,202,4,2025-04-17,23,True,Tablet
1417,200,3,2025-04-04,32,False,Smart TV
1418,119,9,2025-01-13,26,True,Mobile
1419,201,11,2025-04-18,90,False,Web
1420,48,6,2025-01-04,65,True,Web
1421,279,1,2025-04-28,20,True,Tablet
1422,67,1,2025-02-28,91,True,Smart TV
1423,460,3,2025-01-29,48,True,Web
1424,403,12,2025-02-18,76,True,Mobile
1425,74,1,2025-03-22,12,True,Mobile
1426,306,2,2025-01-16,37,True,Smart TV
1427,48,5,2025-01-10,73,False,Web
1428,408,1,2025-01-03,62,True,Tablet
1429,352,1,2025-02-23,58,False,Tablet
1430,153,13,2025-01-02,32,True,Mobile
1431,178,2,2025-03-03,11,True,Smart TV
1432,311,1,2025-01-04,78,True,Web
1433,59,4,2025-04-26,65,True,Smart TV
1434,373,3,2025-03-30,26,False,Smart TV
1435,48,8,2025-02-14,100,True,Smart TV
1436,254,8,2025-02-25,75,False,Web
1437,352,5,2025-04-19,101,False,Tablet
1438,393,2,2025-03-17,89,True,Web
1439,453,12,2025-02-27,118,True,Smart TV
1440,56,14,2025-03-19,108,False,Web
1441,460,10,2025-03-22,114,True,Tablet
1442,491,3,2025-03-07,42,True,Tablet
1443,450,5,2025-03-24,77,False,Tablet
1444,415,1,2025-02-11,64,True,Smart TV
1445,337,1,2025-02-17,57,True,Smart TV
1446,353,1,2025-01-02,101,False,Web
1447,165,8,2025-04-26,39,True,Mobile
1448,109,7,2025-03-09,65,True,Smart TV
1449,453,12,2025-04-14,29,True,Tablet
1450,163,11,2025-04-15,50,True,Web
1451,256,1,2025-01-06,45,False,Mobile
1452,308,2,2025-02-11,108,True,Mobile
1453,402,1,2025-04-20,83,True,Tablet
1454,496,1,2025-02-21,14,True,Mobile
1455,36,6,2025-03-02,22,False,Smart TV
1456,178,5,2025-02-21,20,True,Smart TV
1457,202,8,2025-02-08,99,False,Tablet
1458,467,14,2025-01-16,105,True,Mobile
1459,423,1,2025-01-02,27,True,Smart TV
1460,224,14,2025-01-29,53,True,Web
1461,189,12,2025-04-15,147,True,Mobile
1462,23,5,2025-01-15,16,False,Mobile
1463,314,5,2025-04-12,113,False,Smart TV
1464,71,12,2025-03-16,127,True,Web
1465,386,6,2025-03-16,62,True,Tablet
1466,271,1,2025-01-31,83,False,Tablet
1467,375,5,2025-03-03,38,True,Smart TV
1468,43,13,2025-02-15,81,True,Web
1469,498,1,2025-03-05,17,True,Mobile
1470,420,11,2025-02-19,34,False,Mobile
1471,303,6,2025-04-08,77,True,Smart TV
1472,363,13,2025-02-28,93,True,Mobile
1473,470,1,2025-02-16,59,False,Web
1474,36,13,2025-02-05,64,True,Smart TV
1475,53,14,2025-01-19,128,True,Mobile
1476,236,1,2025-01-24,44,True,Tablet
1477,181,11,2025-02-03,25,True,Mobile
1478,78,6,2025-02-20,74,False,Smart TV
1479,190,1,2025-01-13,16,True,Tablet
1480,100,12,2025-02-07,58,False,Web
1481,312,10,2025-03-05,76,False,Mobile
1482,128,1,2025-01-15,38,True,Mobile
1483,137,1,2025-01-31,18,True,Mobile
1484,318,5,2025-03-31,101,False,Tablet
1485,376,1,2025-04-16,98,False,Tablet
1486,105,4,2025-02-14,83,True,Smart TV
1487,95,1,2025-03-06,99,True,Tablet
1488,465,12,2025-03-30,71,True,Smart TV
1489,96,1,2025-02-12,68,True,Mobile
1490,172,11,2025-01-03,32,False,Mobile
1491,437,3,2025-01-02,86,False,Tablet
1492,448,1,2025-02-01,70,True,Mobile
1493,349,1,2025-02-07,116,True,Web
1494,49,1,2025-01-13,48,True,Smart TV
1495,180,8,2025-03-11,42,True,Tablet
1496,7,5,2025-04-16,55,False,Smart TV
1497,340,15,2025-04-20,133,True,Smart TV
1498,328,11,2025-01-03,28,False,Web
1499,183,11,2025-03-05,13,True,Tablet
1500,46,6,2025-01-25,58,True,Mobile
1501,348,5,2025-03-11,67,True,Web
1502,179,5,2025-04-24,52,False,Tablet
1503,22,5,2025-03-16,76,True,Smart TV
1504,222,14,2025-04-12,126,True,Smart TV
1505,5,1,2025-03-05,97,True,Tablet
1506,495,11,2025-02-07,89,True,Web
1507,34,5,2025-04-13,47,True,Tablet
1508,423,1,2025-03-17,25,True,Tablet
1509,181,1,2025-03-26,116,True,Mobile
1510,450,1,2025-02-06,110,True,Web
1511,74,2,2025-04-04,60,False,Mobile
1512,243,5,2025-04-30,55,True,Tablet
1513,463,7,2025-01-13,76,False,Smart TV
1514,348,3,2025-04-23,51,True,Web
1515,129,11,2025-01-18,63,True,Web
1516,153,5,2025-03-14,90,False,Web
1517,427,7,2025-02-25,34,True,Tablet
1518,479,12,2025-03-29,101,False,Smart TV
1519,493,7,2025-02-22,128,True,Mobile
1520,387,13,2025-01-18,88,False,Web
1521,66,10,2025-03-21,79,True,Smart TV
1522,202,1,2025-01-17,61,True,Mobile
1523,448,8,2025-03-08,68,True,Mobile
1524,333,1,2025-01-14,52,True,Mobile
1525,247,14,2025-03-30,94,True,Mobile
1526,262,12,2025-04-05,23,True,Web
1527,380,1,2025-03-05,27,True,Web
1528,369,5,2025-04-30,10,False,Web
1529,79,1,2025-03-19,25,True,Mobile
1530,243,4,2025-01-04,139,False,Tablet
1531,154,1,2025-02-21,71,True,Web
1532,134,14,2025-04-16,122,True,Mobile
1533,12,1,2025-01-24,28,True,Web
1534,359,3,2025-03-11,35,False,Tablet
1535,52,5,2025-03-17,73,False,Smart TV
1536,410,7,2025-01-14,128,False,Tablet
1537,235,1,2025-01-16,82,False,Mobile
1538,331,10,2025-03-25,124,True,Tablet
1539,182,1,2025-01-18,69,True,Tablet
1540,82,1,2025-02-15,74,True,Web
1541,269,6,2025-02-19,75,True,Web
1542,336,11,2025-04-03,82,False,Tablet
1543,72,12,2025-02-05,87,False,Mobile
1544,248,15,2025-02-18,130,True,Web
1545,260,10,2025-04-10,94,True,Smart TV
1546,302,3,2025-03-16,54,True,Tablet
1547,437,1,2025-04-04,30,True,Mobile
1548,479,1,2025-03-28,70,False,Web
1549,376,13,2025-04-12,40,True,Web
1550,387,12,2025-02-23,26,True,Smart TV
1551,384,1,2025-01-10,66,False,Mobile
1552,56,15,2025-03-31,125,False,Web
1553,103,11,2025-01-26,42,False,Tablet
1554,104,11,2025-04-05,30,False,Web
1555,323,2,2025-03-27,34,True,Mobile
1556,3,1,2025-02-16,109,False,Mobile
1557,374,6,2025-04-27,92,True,Tablet
1558,293,4,2025-04-16,131,True,Smart TV
1559,287,6,2025-04-20,27,True,Tablet
1560,448,7,2025-01-10,30,True,Smart TV
1561,119,1,2025-01-07,86,True,Smart TV
1562,482,1,2025-02-07,116,False,Tablet
1563,447,12,2025-04-22,50,False,Mobile
1564,437,9,2025-03-08,88,True,Smart TV
1565,280,7,2025-03-31,38,True,Tablet
1566,135,15,2025-03-25,17,True,Smart TV
1567,172,7,2025-04-24,25,True,Web
1568,169,9,2025-04-29,94,True,Web
1569,486,1,2025-03-14,88,True,Mobile
1570,487,6,2025-02-23,86,True,Mobile
1571,485,15,2025-01-17,79,True,Mobile
1572,260,1,2025-01-29,93,False,Tablet
1573,436,8,2025-04-23,39,True,Mobile
1574,416,1,2025-01-26,78,True,Tablet
1575,10,11,2025-03-12,71,True,Tablet
1576,65,13,2025-02-25,99,False,Web
1577,460,2,2025-03-20,104,False,Web
1578,30,6,2025-01-31,39,True,Mobile
1579,386,4,2025-04-24,147,True,Mobile
1580,369,1,2025-02-01,114,True,Mobile
1581,93,1,2025-02-06,15,False,Smart TV
1582,126,10,2025-02-07,26,True,Tablet
1583,337,8,2025-01-10,19,False,Web
1584,417,8,2025-02-15,124,True,Tablet
1585,188,12,2025-04-10,151,False,Web
1586,164,9,2025-03-31,79,True,Mobile
1587,211,1,2025-04-01,89,False,Smart TV
1588,71,2,2025-04-18,69,False,Web
1589,418,2,2025-04-11,46,True,Web
1590,392,12,2025-02-28,39,True,Tablet
1591,143,1,2025-03-17,59,False,Mobile
1592,313,1,2025-02-19,73,True,Tablet
1593,115,7,2025-01-27,107,True,Tablet
1594,157,1,2025-01-05,79,False,Mobile
1595,458,15,2025-02-13,77,True,Web
1596,372,1,2025-04-17,89,False,Tablet
1597,377,13,2025-04-07,17,True,Tablet
1598,148,12,2025-04-20,146,False,Tablet
1599,394,10,2025-03-08,43,True,Tablet
1600,474,8,2025-01-31,26,True,Smart TV
1601,141,13,2025-01-11,41,True,Smart TV
1602,20,6,2025-03-20,45,False,Smart TV
1603,335,11,2025-04-14,87,True,Mobile
1604,165,5,2025-04-18,43,True,Tablet
1605,5,1,2025-03-01,14,False,Tablet
1606,112,11,2025-02-22,17,True,Mobile
1607,283,5,2025-02-10,18,False,Web
1608,142,5,2025-02-03,73,True,Web
1609,447,11,2025-03-21,93,True,Web
1610,95,2,2025-03-29,139,False,Smart TV
1611,117,1,2025-01-08,101,False,Smart TV
1612,440,1,2025-04-19,55,True,Mobile
1613,56,10,2025-01-10,74,False,Mobile
1614,105,1,2025-02-11,83,False,Tablet
1615,449,2,2025-02-06,46,True,Smart TV
1616,172,10,2025-02-22,124,True,Smart TV
1617,151,8,2025-03-21,13,True,Smart TV
1618,77,1,2025-04-27,85,True,Mobile
1619,161,10,2025-03-07,101,True,Smart TV
1620,299,4,2025-01-05,48,False,Mobile
1621,115,2,2025-03-14,138,True,Tablet
1622,434,9,2025-04-23,77,True,Tablet
1623,226,11,2025-02-10,44,True,Smart TV
1624,125,15,2025-04-13,102,True,Tablet
1625,60,6,2025-03-30,40,False,Tablet
1626,287,1,2025-03-06,19,False,Tablet
1627,403,10,2025-02-23,39,True,Web
1628,398,15,2025-04-27,114,True,Web
1629,147,10,2025-02-13,50,True,Mobile
1630,76,7,2025-03-15,136,True,Web
1631,233,15,2025-01-02,52,True,Tablet
1632,365,5,2025-04-30,70,True,Mobile
1633,427,3,2025-02-25,13,True,Web
1634,444,1,2025-03-09,59,False,Smart TV
1635,286,3,2025-01-31,47,True,Smart TV
1636,173,15,2025-03-17,37,True,Mobile
1637,182,2,2025-02-27,114,True,Tablet
1638,149,12,2025-04-07,132,True,Web
1639,393,12,2025-03-17,140,True,Web
1640,304,1,2025-02-17,96,True,Tablet
1641,91,7,2025-03-07,81,True,Web
1642,25,5,2025-03-14,76,True,Tablet
1643,164,5,2025-04-07,32,True,Mobile
1644,452,14,2025-04-04,63,False,Smart TV
1645,161,10,2025-01-13,54,False,Web
1646,250,2,2025-02-26,67,True,Smart TV
1647,311,15,2025-04-07,37,True,Smart TV
1648,283,1,2025-04-18,75,True,Mobile
1649,492,10,2025-04-25,79,True,Web
1650,422,1,2025-01-04,57,True,Smart TV
1651,228,10,2025-03-08,26,False,Smart TV
1652,362,1,2025-04-28,25,False,Tablet
1653,443,8,2025-01-18,45,True,Mobile
1654,382,6,2025-04-12,38,True,Mobile
1655,172,6,2025-02-05,68,True,Mobile
1656,457,12,2025-04-29,19,False,Mobile
1657,267,15,2025-02-10,58,True,Mobile
1658,126,11,2025-01-18,85,False,Web
1659,241,11,2025-01-20,72,True,Tablet
1660,326,1,2025-04-23,21,True,Web
1661,252,1,2025-03-13,88,True,Web
1662,135,1,2025-03-20,58,True,Web
1663,272,11,2025-03-26,33,False,Web
1664,249,15,2025-03-04,110,True,Smart TV
1665,50,9,2025-01-29,24,False,Tablet
1666,340,8,2025-02-24,24,True,Tablet
1667,178,6,2025-03-31,60,True,Web
1668,431,13,2025-04-14,72,True,Tablet
1669,149,11,2025-02-04,74,True,Tablet
1670,166,1,2025-02-03,96,False,Tablet
1671,218,7,2025-02-21,76,True,Smart TV
1672,174,8,2025-03-23,114,True,Smart TV
1673,294,8,2025-04-23,31,True,Web
1674,486,13,2025-03-20,88,False,Web
1675,487,10,2025-04-03,12,False,Mobile
1676,468,13,2025-02-15,108,True,Mobile
1677,108,1,2025-02-16,78,True,Web
1678,441,14,2025-04-02,68,False,Web
1679,212,15,2025-01-28,73,True,Mobile
1680,482,1,2025-03-09,23,True,Tablet
1681,81,13,2025-02-06,48,True,Web
1682,127,11,2025-01-05,44,True,Mobile
1683,336,14,2025-02-21,43,True,Smart TV
1684,38,1,2025-03-06,102,True,Tablet
1685,426,1,2025-03-11,87,True,Mobile
1686,201,12,2025-01-25,89,False,Tablet
1687,155,9,2025-02-05,68,True,Mobile
1688,296,5,2025-03-02,58,False,Tablet
1689,209,2,2025-03-13,81,False,Smart TV
1690,260,15,2025-02-01,107,True,Tablet
1691,191,12,2025-04-08,149,True,Mobile
1692,500,8,2025-01-04,60,True,Tablet
1693,56,6,2025-03-24,49,False,Web
1694,43,13,2025-01-13,81,True,Web
1695,304,14,2025-02-01,31,True,Tablet
1696,268,10,2025-04-03,117,True,Web
1697,130,1,2025-02-22,49,True,Smart TV
1698,165,14,2025-03-30,114,True,Smart TV
1699,288,12,2025-04-12,135,True,Tablet
1700,121,6,2025-02-11,69,True,Tablet
1701,379,9,2025-04-04,20,True,Tablet
1702,66,1,2025-04-07,11,True,Mobile
1703,446,3,2025-01-15,14,False,Tablet
1704,269,3,2025-03-04,27,True,Tablet
1705,61,1,2025-02-25,47,True,Smart TV
1706,456,9,2025-02-17,82,True,Web
1707,351,3,2025-01-27,88,True,Smart TV
1708,242,9,2025-03-01,36,False,Web
1709,425,3,2025-03-02,11,False,Tablet
1710,35,3,2025-01-01,49,True,Web
1711,276,4,2025-02-28,94,True,Mobile
1712,81,10,2025-01-09,54,True,Web
1713,476,6,2025-01-25,45,False,Tablet
1714,189,10,2025-03-21,108,False,Smart TV
1715,338,9,2025-01-26,19,True,Web
1716,144,2,2025-01-23,77,True,Mobile
1717,301,3,2025-03-24,59,False,Smart TV
1718,316,13,2025-03-27,70,True,Web
1719,111,1,2025-01-12,112,True,Web
1720,448,3,2025-01-01,51,True,Mobile
1721,226,3,2025-02-24,70,False,Smart TV
1722,124,9,2025-03-13,60,False,Tablet
1723,160,12,2025-04-18,143,False,Mobile
1724,110,15,2025-01-22,81,True,Web
1725,227,14,2025-03-04,74,True,Mobile
1726,334,9,2025-02-14,32,True,Smart TV
1727,344,14,2025-02-14,118,True,Web
1728,478,7,2025-04-06,12,True,Tablet
1729,3,6,2025-03-17,49,False,Mobile
1730,130,15,2025-03-06,13,True,Smart TV
1731,329,1,2025-03-03,60,True,Smart TV
1732,498,5,2025-03-15,115,True,Tablet
1733,252,10,2025-01-23,70,True,Mobile
1734,314,1,2025-04-25,101,True,Web
1735,43,14,2025-02-23,40,True,Tablet
1736,161,11,2025-01-13,79,False,Web
1737,9,11,2025-02-12,96,False,Web
1738,370,15,2025-02-16,13,True,Tablet
1739,343,7,2025-01-08,26,True,Web
1740,89,12,2025-02-26,21,False,Web
1741,89,12,2025-03-23,10,False,Smart TV
1742,175,9,2025-03-01,82,True,Mobile
1743,46,10,2025-01-15,127,True,Web
1744,163,1,2025-03-17,90,True,Web
1745,327,1,2025-02-17,68,True,Web
1746,329,5,2025-04-26,120,True,Web
1747,362,1,2025-02-06,32,False,Web
1748,116,10,2025-04-17,34,False,Web
1749,133,3,2025-03-31,66,False,Mobile
1750,187,8,2025-02-14,108,True,Tablet
1751,426,14,2025-01-22,19,True,Tablet
1752,108,3,2025-03-31,65,False,Smart TV
1753,496,4,2025-03-06,151,True,Smart TV
1754,108,2,2025-02-03,65,False,Smart TV
1755,265,1,2025-03-26,90,True,Tablet
1756,166,3,2025-02-17,82,False,Mobile
1757,323,6,2025-02-15,11,True,Tablet
1758,332,8,2025-04-26,22,True,Smart TV
1759,280,5,2025-01-24,106,True,Tablet
1760,304,13,2025-03-15,98,False,Tablet
1761,130,8,2025-04-03,57,True,Smart TV
1762,154,8,2025-01-06,128,True,Mobile
1763,138,7,2025-03-15,112,True,Mobile
1764,473,3,2025-02-08,86,True,Web
1765,67,10,2025-03-26,52,True,Mobile
1766,73,5,2025-04-13,54,False,Tablet
1767,338,3,2025-01-19,35,True,Smart TV
1768,121,1,2025-04-20,36,False,Mobile
1769,351,12,2025-03-13,105,True,Tablet
1770,242,3,2025-03-12,60,True,Web
1771,193,15,2025-04-17,128,True,Web
1772,199,13,2025-01-17,50,True,Tablet
1773,145,13,2025-04-15,96,True,Tablet
1774,37,10,2025-02-14,72,True,Mobile
1775,92,4,2025-04-09,70,False,Smart TV
1776,1,6,2025-03-20,86,False,Mobile
1777,256,11,2025-01-25,15,True,Smart TV
1778,197,1,2025-03-25,33,False,Web
1779,346,5,2025-04-16,71,True,Smart TV
1780,204,7,2025-03-29,142,True,Tablet
1781,352,1,2025-04-04,22,True,Tablet
1782,83,13,2025-02-10,26,True,Tablet
1783,249,11,2025-03-25,95,False,Tablet
1784,218,1,2025-02-03,104,True,Mobile
1785,466,10,2025-02-27,74,False,Tablet
1786,274,12,2025-02-16,38,True,Tablet
1787,446,9,2025-03-28,20,True,Mobile
1788,363,6,2025-03-17,43,True,Tablet
1789,145,1,2025-01-06,25,False,Tablet
1790,307,1,2025-03-29,57,False,Tablet
1791,393,6,2025-04-15,13,True,Smart TV
1792,214,3,2025-01-03,67,False,Smart TV
1793,58,1,2025-02-15,103,True,Tablet
1794,274,4,2025-01-13,42,True,Web
1795,458,11,2025-02-05,54,False,Web
1796,428,15,2025-04-30,127,True,Mobile
1797,76,6,2025-03-19,91,True,Tablet
1798,41,9,2025-02-13,91,True,Smart TV
1799,95,7,2025-04-06,75,True,Mobile
1800,495,14,2025-01-15,59,True,Smart TV
1801,277,5,2025-04-20,111,True,Mobile
1802,111,6,2025-04-08,65,False,Web
1803,24,5,2025-03-19,61,True,Smart TV
1804,107,1,2025-01-03,110,False,Web
1805,307,5,2025-04-12,91,False,Mobile
1806,364,4,2025-02-11,66,True,Smart TV
1807,424,12,2025-02-28,117,True,Smart TV
1808,477,9,2025-03-13,11,False,Smart TV
1809,228,6,2025-01-20,69,True,Tablet
1810,88,4,2025-03-28,109,False,Tablet
1811,293,1,2025-01-11,90,False,Smart TV
1812,272,2,2025-02-17,87,False,Smart TV
1813,16,8,2025-01-20,89,True,Web
1814,221,10,2025-02-23,107,True,Smart TV
1815,121,9,2025-02-18,78,True,Tablet
1816,64,10,2025-01-13,60,True,Web
1817,92,2,2025-04-21,50,True,Tablet
1818,385,9,2025-01-28,63,True,Smart TV
1819,323,6,2025-01-14,95,True,Smart TV
1820,201,9,2025-01-29,61,False,Tablet
1821,231,5,2025-01-21,32,False,Smart TV
1822,172,1,2025-04-08,69,True,Web
1823,197,11,2025-03-16,93,False,Tablet
1824,15,7,2025-03-21,67,True,Mobile
1825,210,10,2025-01-03,51,True,Web
1826,242,3,2025-03-29,21,False,Mobile
1827,405,12,2025-03-25,109,True,Web
1828,235,14,2025-02-17,71,True,Tablet
1829,103,15,2025-02-11,43,False,Mobile
1830,296,1,2025-03-01,68,True,Tablet
1831,499,4,2025-03-01,138,True,Mobile
1832,170,13,2025-04-22,30,True,Tablet
1833,4,12,2025-04-06,18,True,Tablet
1834,241,14,2025-04-21,108,True,Tablet
1835,276,5,2025-01-16,101,True,Mobile
1836,372,8,2025-01-08,47,False,Mobile
1837,475,6,2025-03-07,90,True,Tablet
1838,54,7,2025-01-19,77,True,Mobile
1839,212,12,2025-03-26,96,True,Web
1840,136,13,2025-01-13,52,True,Mobile
1841,252,8,2025-04-07,41,False,Smart TV
1842,170,5,2025-04-11,67,True,Smart TV
1843,19,10,2025-04-08,27,True,Smart TV
1844,190,1,2025-03-14,56,True,Smart TV
1845,82,5,2025-03-14,91,False,Tablet
1846,151,12,2025-01-20,42,True,Smart TV
1847,327,14,2025-01-30,17,True,Smart TV
1848,133,3,2025-02-16,75,True,Tablet
1849,88,8,2025-02-14,92,True,Smart TV
1850,444,9,2025-04-29,72,True,Web
1851,90,14,2025-03-03,107,True,Mobile
1852,106,6,2025-01-29,29,False,Mobile
1853,256,11,2025-02-28,82,True,Mobile
1854,420,14,2025-04-11,68,True,Web
1855,205,6,2025-03-22,22,False,Mobile
1856,274,5,2025-04-19,104,True,Mobile
1857,291,1,2025-03-08,41,True,Smart TV
1858,354,13,2025-04-30,93,True,Web
1859,91,12,2025-01-06,78,True,Smart TV
1860,376,2,2025-04-17,26,True,Smart TV
1861,125,1,2025-03-16,107,True,Tablet
1862,452,1,2025-04-11,16,False,Mobile
1863,227,4,2025-01-11,131,True,Mobile
1864,307,9,2025-03-04,48,True,Mobile
1865,464,10,2025-01-15,102,False,Web
1866,315,10,2025-04-07,68,True,Smart TV
1867,139,13,2025-03-05,90,True,Smart TV
1868,146,9,2025-03-24,48,False,Web
1869,288,6,2025-03-06,49,True,Tablet
1870,485,2,2025-01-24,134,True,Smart TV
1871,241,15,2025-03-05,51,True,Mobile
1872,156,13,2025-01-13,66,False,Web
1873,391,4,2025-01-30,64,False,Smart TV
1874,242,6,2025-01-14,97,False,Web
1875,166,10,2025-01-21,34,False,Web
1876,340,14,2025-01-21,93,True,Tablet
1877,214,11,2025-04-10,102,False,Web
1878,479,15,2025-04-20,87,False,Web
1879,182,5,2025-04-17,105,False,Tablet
1880,202,5,2025-04-08,63,True,Tablet
1881,182,1,2025-03-24,113,True,Tablet
1882,420,13,2025-04-01,35,True,Smart TV
1883,13,5,2025-02-11,64,False,Smart TV
1884,103,9,2025-04-13,37,True,Tablet
1885,39,14,2025-02-01,51,False,Tablet
1886,488,12,2025-01-06,109,True,Tablet
1887,311,4,2025-03-17,106,True,Mobile
1888,142,1,2025-03-10,57,False,Smart TV
1889,451,2,2025-04-06,28,False,Tablet
1890,78,14,2025-03-17,86,True,Web
1891,126,1,2025-02-11,83,True,Smart TV
1892,150,9,2025-03-30,12,True,Mobile
1893,365,14,2025-04-05,90,False,Tablet
1894,95,12,2025-02-11,129,True,Tablet
1895,347,6,2025-04-01,43,False,Mobile
1896,211,1,2025-02-24,60,False,Mobile
1897,468,14,2025-03-07,105,True,Tablet
1898,448,1,2025-04-13,51,True,Tablet
1899,325,5,2025-01-09,104,True,Mobile
1900,273,9,2025-01-21,75,True,Tablet
1901,98,10,2025-04-07,19,True,Tablet
1902,232,14,2025-04-24,48,True,Smart TV
1903,295,2,2025-02-13,126,True,Tablet
1904,295,1,2025-02-07,10,True,Tablet
1905,166,1,2025-02-24,29,False,Web
1906,168,10,2025-03-10,68,True,Web
1907,474,13,2025-02-15,101,True,Web
1908,106,4,2025-02-09,56,True,Mobile
1909,433,9,2025-01-06,26,True,Smart TV
1910,162,2,2025-04-29,68,True,Web
1911,218,4,2025-02-04,69,True,Smart TV
1912,461,1,2025-02-26,25,False,Mobile
1913,438,8,2025-04-05,36,False,Mobile
1914,102,8,2025-01-27,108,False,Mobile
1915,260,2,2025-04-27,41,True,Web
1916,380,2,2025-03-19,101,True,Smart TV
1917,47,7,2025-04-13,139,False,Tablet
1918,484,5,2025-02-28,12,True,Tablet
1919,493,13,2025-04-20,22,False,Smart TV
1920,223,5,2025-04-19,93,False,Web
1921,330,1,2025-04-14,59,False,Mobile
1922,460,5,2025-02-11,15,True,Web
1923,66,3,2025-03-08,29,True,Tablet
1924,306,1,2025-04-13,36,True,Smart TV
1925,422,6,2025-01-21,63,True,Web
1926,78,15,2025-04-05,56,False,Mobile
1927,255,13,2025-01-27,49,False,Smart TV
1928,319,15,2025-02-11,17,True,Smart TV
1929,18,1,2025-04-05,28,False,Mobile
1930,307,9,2025-04-03,77,True,Web
1931,460,1,2025-01-29,21,False,Mobile
1932,238,2,2025-02-23,122,True,Mobile
1933,461,5,2025-04-26,42,True,Smart TV
1934,490,11,2025-03-20,95,True,Mobile
1935,426,8,2025-04-20,83,True,Web
1936,413,4,2025-01-19,67,True,Mobile
1937,207,1,2025-02-06,88,True,Web
1938,374,4,2025-03-26,87,False,Tablet
1939,265,11,2025-03-15,44,True,Smart TV
1940,75,7,2025-03-16,18,True,Tablet
1941,102,1,2025-01-24,11,True,Mobile
1942,83,14,2025-02-20,92,True,Tablet
1943,97,8,2025-03-22,121,True,Tablet
1944,233,8,2025-03-21,43,True,Tablet
1945,336,2,2025-04-09,96,False,Web
1946,447,5,2025-03-04,108,True,Tablet
1947,439,1,2025-02-13,107,True,Smart TV
1948,219,2,2025-03-24,16,True,Web
1949,235,2,2025-04-17,38,True,Smart TV
1950,158,3,2025-02-27,65,True,Mobile
1951,94,14,2025-02-20,140,True,Web
1952,398,14,2025-01-03,60,True,Smart TV
1953,78,9,2025-03-14,77,True,Mobile
1954,277,13,2025-01-30,98,True,Web
1955,349,6,2025-01-22,91,True,Web
1956,367,14,2025-01-20,118,True,Smart TV
1957,486,1,2025-02-21,47,False,Tablet
1958,165,15,2025-01-18,86,True,Mobile
1959,343,5,2025-02-09,36,True,Mobile
1960,72,1,2025-01-19,71,True,Web
1961,331,7,2025-02-23,110,True,Web
1962,37,4,2025-01-29,80,True,Tablet
1963,300,2,2025-03-28,48,True,Tablet
1964,390,3,2025-02-11,11,True,Mobile
1965,53,9,2025-04-09,90,True,Tablet
1966,153,4,2025-04-16,41,True,Tablet
1967,387,1,2025-04-27,102,False,Smart TV
1968,457,1,2025-02-02,24,True,Tablet
1969,449,7,2025-04-01,134,False,Web
1970,375,1,2025-03-19,86,False,Web
1971,254,14,2025-04-18,120,False,Mobile
1972,395,1,2025-02-05,102,True,Smart TV
1973,261,15,2025-02-12,117,True,Smart TV
1974,52,1,2025-04-02,113,False,Web
1975,303,10,2025-02-25,95,False,Mobile
1976,250,13,2025-03-13,87,True,Tablet
1977,474,10,2025-03-27,58,True,Mobile
1978,330,10,2025-01-13,83,True,Mobile
1979,298,13,2025-03-28,100,True,Tablet
1980,382,14,2025-01-06,98,True,Tablet
1981,443,14,2025-03-08,19,False,Tablet
1982,111,11,2025-03-14,33,True,Smart TV
1983,212,2,2025-04-13,17,True,Tablet
1984,184,14,2025-04-15,98,False,Web
1985,25,5,2025-02-11,68,True,Smart TV
1986,108,13,2025-03-13,108,True,Smart TV
1987,179,12,2025-04-10,54,False,Mobile
1988,276,6,2025-04-05,39,False,Smart TV
1989,47,2,2025-03-23,113,False,Tablet
1990,196,11,2025-01-26,43,True,Tablet
1991,225,6,2025-04-25,56,True,Web
1992,98,1,2025-03-16,49,True,Smart TV
1993,92,13,2025-02-20,89,True,Mobile
1994,365,1,2025-03-18,94,False,Smart TV
1995,273,3,2025-02-15,60,True,Tablet
1996,377,2,2025-04-15,85,True,Mobile
1997,227,6,2025-04-16,15,True,Web
1998,14,11,2025-03-05,38,True,Web
1999,226,4,2025-03-24,65,True,Mobile
2000,11,5,2025-04-20,88,False,Tablet
